	0
R_EX_cm_e	-8.32928630479203e-24
R_EX_cmp_e	-9.946260771636633e-09
R_EX_co2_e	0.7026146386753293
R_EX_cobalt2_e	4.897332539499644e-13
R_DM_4crsol_c	-4.222368096758998e-09
R_DM_5drib_c	5.935931348379589e-06
R_DM_aacald_c	8.951586740587741e-09
R_DM_amob_c	9.983922433695236e-09
R_DM_mththf_c	0.021053123634756112
R_EX_colipa_e	3.81284389066422e-07
R_DM_oxam_c	0.0026352606852452186
R_EX_glc__D_e	-0.5133259995610628
R_EX_glcn_e	0.004497950929033694
R_BIOMASS_Ec_iJO1366_WT_53p95M	-9.993323048054442e-09
R_EX_glcr_e	-9.714618639120983e-09
R_EX_colipap_e	4.779117435419557e-07
R_EX_glcur_e	-9.784931217877035e-09
R_EX_glcur1p_e	-9.915179724287738e-09
R_BIOMASS_Ec_iJO1366_core_53p95M	-9.993374510106697e-09
R_EX_12ppd__R_e	0.023813229166427845
R_EX_gln__L_e	-9.83394843472965e-09
R_EX_cpgn_e	6.2986163065326986e-09
R_EX_glu__L_e	2.3081700360397463e-08
R_EX_gly_e	0.0010658904762961498
R_EX_glyald_e	0.001727658762504031
R_EX_glyb_e	1.9586319153480977e-08
R_EX_glyc_e	0.0274832572870956
R_EX_12ppd__S_e	0.006685639168046705
R_EX_14glucan_e	-9.979840451023921e-09
R_EX_cpgn_un_e	-6.29861630653254e-09
R_EX_15dap_e	0.000679433774818477
R_EX_glyc__R_e	0.0055780934852152604
R_EX_glyc2p_e	-9.799228541145862e-09
R_EX_23camp_e	-9.972251009483446e-09
R_EX_23ccmp_e	-9.95703436263302e-09
R_EX_23cgmp_e	-9.97369792021919e-09
R_EX_23cump_e	-9.94431171405077e-09
R_EX_23dappa_e	-9.837164581406945e-09
R_EX_26dap__M_e	-9.309017887689096e-09
R_EX_glyc3p_e	3.314006091744396e-06
R_EX_glyclt_e	0.09951635109089019
R_EX_gmp_e	-9.96998585403666e-09
R_EX_gsn_e	-9.961667434691914e-09
R_EX_gthox_e	-9.973717457689341e-09
R_EX_gthrd_e	-9.91674519001467e-09
R_EX_gtp_e	-9.783153451500898e-09
R_EX_gua_e	-9.938721415678722e-09
R_EX_h_e	0.8870788373205543
R_EX_h2_e	3.608872521040223e-08
R_EX_h2o_e	0.644990288807095
R_EX_h2o2_e	2.9752651545134946e-08
R_EX_h2s_e	0.009199505242711696
R_EX_hacolipa_e	3.359670922924031e-09
R_EX_halipa_e	2.1393880269632542e-09
R_EX_hdca_e	4.327886387727797e-09
R_EX_hdcea_e	9.497207784177334e-09
R_EX_hg2_e	2.831266530008565e-17
R_EX_his__L_e	0.00023856442911084273
R_EX_2ddglcn_e	-8.462584052261838e-09
R_EX_34dhpac_e	9.89210434315457e-09
R_EX_3amp_e	-9.967168195151211e-09
R_EX_3cmp_e	-9.943618499153995e-09
R_EX_3gmp_e	-9.969171023368833e-09
R_EX_3hcinnm_e	-9.94891929297281e-09
R_EX_3hpp_e	0.00649464315928245
R_EX_3hpppn_e	-9.942999323496274e-09
R_EX_hom__L_e	1.1658080607135571e-05
R_EX_hxa_e	0.02538523267687458
R_EX_hxan_e	-9.92608387334816e-09
R_EX_idon__L_e	0.00976428511978325
R_EX_3ump_e	-9.919718907289058e-09
R_EX_4abut_e	1.2765769697151556e-07
R_EX_4hoxpacd_e	9.892104468872722e-09
R_EX_5dglcn_e	0.0017076852643366862
R_EX_5mtr_e	0.000262168295002301
R_EX_LalaDglu_e	-9.904267617931878e-09
R_EX_ile__L_e	0.00032195406117823
R_EX_imp_e	-9.961396773504495e-09
R_EX_indole_e	0.00017866818745390758
R_EX_inost_e	1.9818119102956432e-08
R_EX_ins_e	-9.946542713018224e-09
R_EX_isetac_e	-9.788323044279005e-09
R_EX_k_e	3.8062968610308445e-09
R_EX_LalaDgluMdap_e	-9.909612892559227e-09
R_EX_LalaDgluMdapDala_e	-9.94561680068153e-09
R_EX_LalaLglu_e	-9.904515507956448e-09
R_EX_kdo2lipid4_e	-7.487207206755115e-09
R_EX_ac_e	0.22830364591848337
R_EX_crn_e	-4.832112296377999e-11
R_EX_acac_e	2.1943641000700998e-09
R_EX_acald_e	0.008300630103935818
R_EX_lac__D_e	0.08278101477587106
R_EX_lac__L_e	0.009956366306932073
R_EX_crn__D_e	4.832111999191274e-11
R_EX_lcts_e	-9.828058462678732e-09
R_EX_acgal_e	1.978661280201546e-08
R_EX_acgal1p_e	-9.818538238722058e-09
R_EX_acgam_e	-9.73265673331307e-09
R_EX_leu__L_e	0.013396560202657849
R_EX_csn_e	-9.91609541661691e-09
R_EX_acgam1p_e	-9.907644505775086e-09
R_EX_acmana_e	-9.76111190493054e-09
R_EX_acmum_e	-9.9156050118859e-09
R_EX_lipa_e	3.016220232781815e-07
R_EX_cu_e	3.972697792953287e-08
R_EX_lipa_cold_e	2.087663024032724e-06
R_EX_acnam_e	-9.927079066632916e-09
R_EX_acolipa_e	0.0003371855996808017
R_EX_cu2_e	-3.971313289330425e-08
R_EX_acser_e	0.0002891141340765825
R_EX_ade_e	-9.944678506885049e-09
R_EX_adn_e	-9.958531934312798e-09
R_EX_adocbl_e	-9.86453275382665e-09
R_EX_ag_e	2.6961916519656014e-24
R_EX_lipoate_e	9.888168241403222e-09
R_EX_lys__L_e	1.4692856444638739e-05
R_EX_lyx__L_e	-9.912020026755406e-09
R_EX_mal__D_e	-9.633631010289219e-09
R_EX_agm_e	-9.850420656397403e-09
R_EX_akg_e	9.2433263440021e-06
R_EX_cyan_e	-9.16031805964635e-09
R_EX_ala_B_e	9.058215510857169e-09
R_EX_ala__D_e	5.168504495746733e-06
R_EX_ala__L_e	4.239445492919414e-05
R_EX_alaala_e	-9.621276134464384e-09
R_EX_all__D_e	-9.516538371991608e-09
R_EX_alltn_e	-9.847507995414273e-09
R_EX_amp_e	-9.968090057380701e-09
R_EX_anhgm_e	-9.923600855877121e-09
R_EX_arab__L_e	7.346716571036334e-09
R_EX_mal__L_e	0.005509242059087476
R_EX_malt_e	-9.940192280590265e-09
R_EX_malthx_e	-9.977187959553883e-09
R_EX_maltpt_e	-9.974098905753225e-09
R_EX_malttr_e	-9.960420846092887e-09
R_EX_maltttr_e	-9.970169535433463e-09
R_EX_man_e	-7.929174413282187e-09
R_EX_cynt_e	-9.819460699474406e-09
R_EX_man6p_e	-9.475267859193185e-09
R_EX_manglyc_e	-9.834747433080313e-09
R_EX_melib_e	-9.440807173403723e-09
R_EX_cys__D_e	-9.879947212926639e-09
R_EX_meoh_e	9.983922440346023e-09
R_EX_met__D_e	-7.923142217431515e-17
R_EX_arbt_e	-7.944821588999738e-22
R_EX_arbtn_e	-5.468851085433656e-09
R_EX_arbtn_fe3_e	5.468851085433801e-09
R_EX_met__L_e	4.430799955709018e-09
R_EX_cys__L_e	8.28130874747052e-08
R_EX_metsox_R__L_e	-1.493504894553838e-09
R_EX_metsox_S__L_e	3.4499957096208787e-10
R_EX_mg2_e	1.6916745781969666e-10
R_EX_mincyc_e	-1.366437107130135e-17
R_EX_minohp_e	-9.945490379206104e-09
R_EX_mmet_e	-5.625482230044692e-09
R_EX_arg__L_e	-9.889232558536478e-09
R_EX_ascb__L_e	-9.923034780613216e-09
R_EX_asn__L_e	-8.780642623676054e-09
R_EX_aso3_e	1.41373191329401e-22
R_EX_asp__L_e	2.719840609294523e-06
R_EX_btn_e	9.983960548524669e-09
R_EX_but_e	1.9216372021100657e-08
R_EX_mn2_e	1.3481021854389041e-11
R_EX_mnl_e	6.0646203089930594e-09
R_EX_mobd_e	2.780373153932203e-12
R_EX_mso3_e	-9.783747551835328e-09
R_EX_n2o_e	-9.946238386294221e-09
R_EX_na1_e	5.551115123125783e-17
R_EX_nac_e	9.366682634850724e-09
R_EX_nh4_e	-0.023838893234534697
R_EX_butso3_e	-9.907652220202315e-09
R_EX_ca2_e	1.0150244533768671e-10
R_EX_cbi_e	-1.6839570532803371e-13
R_EX_cytd_e	-9.912839361799033e-09
R_EX_cbl1_e	9.867183292655568e-09
R_EX_cd2_e	-4.454618619091925e-17
R_EX_cgly_e	-9.761903787410113e-09
R_EX_ni2_e	6.295741705741875e-12
R_EX_nmn_e	-9.872292529438391e-09
R_EX_no_e	-9.891684101109645e-09
R_EX_no2_e	-9.66738139632146e-09
R_EX_no3_e	-9.926256544160645e-09
R_EX_novbcn_e	2.0728478857819022e-18
R_EX_o16a4colipa_e	2.7390785737938474e-11
R_EX_o2_e	-0.7646778433893381
R_EX_o2s_e	-3.518588222016189e-17
R_EX_ocdca_e	9.847908323562626e-09
R_EX_ocdcea_e	9.662625763137024e-09
R_EX_octa_e	9.53358800664339e-09
R_EX_orn_e	-9.25516174854706e-09
R_EX_orot_e	-9.820486884917e-09
R_EX_pacald_e	-9.951368507222773e-09
R_EX_peamn_e	-9.96844261313481e-09
R_EX_phe__L_e	5.256316649151771e-06
R_EX_pheme_e	2.9454515310113503e-06
R_EX_chol_e	-9.66694574706939e-09
R_EX_chtbs_e	-9.943992955251253e-09
R_EX_cit_e	0.0001240877300524872
R_EX_cl_e	1.0150236207095986e-10
R_EX_pi_e	-0.0013787751073000565
R_EX_dad_2_e	-9.966445012485695e-09
R_EX_pnto__R_e	9.9306287456499e-09
R_EX_ppa_e	8.049255703750728e-09
R_EX_damp_e	-9.973004150140616e-09
R_EX_ppal_e	7.368657788531705e-09
R_EX_dca_e	9.67649550870458e-09
R_EX_pppn_e	-9.958564526943114e-09
R_EX_ppt_e	-9.776537316000393e-09
R_EX_dcmp_e	-9.956808874868894e-09
R_EX_pro__L_e	7.572816833979099e-08
R_EX_dcyt_e	-9.937394279575858e-09
R_EX_progly_e	-9.922379744147021e-09
R_EX_psclys_e	-9.865686868889218e-09
R_EX_ddca_e	9.718090004705392e-09
R_EX_pser__L_e	-9.372436400936636e-09
R_EX_ptrc_e	-9.237889356830532e-09
R_EX_dgmp_e	-9.970519266827023e-09
R_EX_dgsn_e	-9.962530530763375e-09
R_EX_val__L_e	8.504808299398754e-06
R_EX_xan_e	-9.90923644867034e-09
R_EX_dha_e	0.010969502755060449
R_EX_xmp_e	-9.956122864713128e-09
R_EX_dimp_e	-9.967936965813959e-09
R_EX_din_e	-9.958273999757256e-09
R_EX_xtsn_e	-9.935953941262436e-09
R_EX_pydam_e	1.9071755802256886e-09
R_EX_xyl__D_e	-9.664888580114269e-09
R_EX_xylu__L_e	-9.847403610334972e-09
R_EX_zn2_e	6.645670125315917e-12
R_12DGR120tipp	0.003685734583046699
R_12DGR140tipp	0.003709833197059209
R_12DGR141tipp	0.003531547056150924
R_12DGR160tipp	0.0036702122849752365
R_12DGR161tipp	0.003384355379391833
R_12DGR180tipp	0.0034629526737395538
R_EX_pydx_e	8.336404721583358e-09
R_EX_pydxn_e	-9.580340357183015e-09
R_EX_pyr_e	0.01438749425823604
R_EX_quin_e	0.0014777965153180627
R_EX_r5p_e	-9.796728724710272e-09
R_EX_rfamp_e	2.0728478857819022e-18
R_EX_rib__D_e	8.959313716650767e-09
R_EX_rmn_e	-9.726461102120787e-09
R_EX_sbt__D_e	8.506497072488697e-09
R_EX_sel_e	-9.682676813116409e-09
R_EX_ser__D_e	-9.160027109456866e-09
R_EX_ser__L_e	0.0002189430547585465
R_EX_skm_e	-9.25157519525734e-09
R_12DGR181tipp	0.003130615293419199
R_12PPDRtex	-0.02381322916642792
R_12PPDRtpp	-0.02381322916642785
R_EX_dms_e	9.777272432492389e-09
R_12PPDStex	-0.006685639168046764
R_12PPDStpp	-0.006685639168046709
R_14GLUCANabcpp	1.514192840843256e-08
R_EX_slnt_e	9.682676757605257e-09
R_EX_so2_e	1.1407253340569682e-17
R_EX_so3_e	9.160317985127562e-09
R_EX_dmso_e	-9.777272431021223e-09
R_EX_so4_e	-0.009461680118625984
R_EX_spmd_e	0.0002621683623972802
R_EX_succ_e	0.003328474045205165
R_14GLUCANtexi	9.979840451013247e-09
R_23CAMPtex	9.972251024947809e-09
R_23CCMPtex	9.957034308172297e-09
R_EX_sucr_e	-9.863920708464153e-09
R_EX_sulfac_e	-8.517076517513257e-09
R_23CGMPtex	9.973698089638106e-09
R_EX_tartr__D_e	-9.521458052601568e-09
R_23CUMPtex	9.944311818443907e-09
R_EX_dopa_e	-9.892104362063193e-09
R_23DAPPAt2pp	9.837164646289585e-09
R_23DAPPAtex	9.837164638426543e-09
R_23PDE2pp	9.944311713589505e-09
R_23PDE4pp	9.957034362583556e-09
R_EX_tartr__L_e	8.3335691614101e-09
R_EX_taur_e	-8.951586687424185e-09
R_EX_tcynt_e	9.160317985127572e-09
R_23PDE7pp	9.972251009371249e-09
R_23PDE9pp	9.973697920106455e-09
R_EX_doxrbcn_e	-8.275514988572586e-24
R_26DAHtex	9.309018000891456e-09
R_2AGPA120tipp	0.0009841047220118073
R_EX_thm_e	-4.217718201873354e-09
R_EX_thr__L_e	3.2706422943738606e-07
R_EX_dtmp_e	-9.916959693960514e-09
R_EX_thrp_e	-9.7384399922131e-09
R_2AGPA140tipp	0.00096455271204837
R_2AGPA141tipp	0.001104623710472173
R_EX_thym_e	1.0903128016824545e-05
R_EX_dump_e	-9.947342061585034e-09
R_EX_thymd_e	-9.802349557569762e-09
R_2AGPA160tipp	0.0009966105431184376
R_2AGPA161tipp	0.0012104356198011184
R_EX_tma_e	9.819598097764346e-09
R_EX_duri_e	-9.915614662685431e-09
R_EX_tmao_e	-9.819597941354214e-09
R_EX_tre_e	-9.474575903717041e-09
R_EX_trp__L_e	2.6560220871086243e-08
R_2AGPA180tipp	0.0011556014207856568
R_2AGPA181tipp	0.0013687301220644793
R_2AGPE120tipp	0.0025999878469152434
R_2AGPE140tipp	0.002578104441153522
R_2AGPE141tipp	0.002720833173022072
R_2AGPE160tipp	0.0026136598716960066
R_EX_tsul_e	-9.160317983791576e-09
R_EX_eca4colipa_e	4.4452262384798305e-06
R_EX_ttdca_e	9.78322255893103e-09
R_2AGPE161tipp	0.0028062156194207273
R_2AGPE180tipp	0.0027653384576023336
R_2AGPE181tipp	0.0028999042079255136
R_2AGPEAT120	4.351631016267818e-05
R_EX_ttdcea_e	9.039116145261807e-09
R_EX_enlipa_e	2.690936930762274e-07
R_2AGPEAT140	4.1462020824457044e-05
R_2AGPEAT141	6.113485660636787e-05
R_2AGPEAT160	4.4929810454751104e-05
R_EX_ttrcyc_e	-1.366437107130135e-17
R_EX_enter_e	-5.843941767698974e-09
R_2AGPEAT161	8.685058772563995e-05
R_EX_etha_e	0.00043952926171113256
R_2AGPEAT180	7.132037741256977e-05
R_2AGPEAT181	0.00015646576782730957
R_EX_tungs_e	9.391099009548043e-14
R_EX_tym_e	-9.892104361999596e-09
R_2AGPG120tipp	0.001238390083045747
R_EX_ethso3_e	-7.988382624453482e-09
R_2AGPG140tipp	0.0012138702298782398
R_2AGPG141tipp	0.0013928428688415326
R_2AGPG160tipp	0.0012541395810836268
R_2AGPG161tipp	0.001535095298463203
R_EX_tyr__L_e	3.465797383710245e-05
R_EX_tyrp_e	-9.54480445407036e-09
R_EX_uacgam_e	-9.97285890725845e-09
R_EX_udpacgal_e	-9.968074527173705e-09
R_EX_udpg_e	-9.961069798494103e-09
R_2AGPG180tipp	0.0014597897874342033
R_2AGPG181tipp	0.0017665395550027442
R_2AGPGAT120	0.0001355340681127518
R_EX_udpgal_e	-9.967519864711776e-09
R_EX_etoh_e	0.08005383992145572
R_EX_udpglcur_e	-9.973565830327071e-09
R_2AGPGAT140	0.00013073510380011245
R_2AGPGAT141	0.00017590328403684148
R_2AGPGAT160	0.0001388300945348049
R_2AGPGAT161	0.00023150292336888566
R_EX_ump_e	-9.921878564382918e-09
R_2AGPGAT180	0.0001982184982024411
R_EX_f6p_e	-9.475267869004197e-09
R_2AGPGAT181	0.0003661702003067934
R_EX_ura_e	-9.299740796252538e-09
R_2DGULRGx	2.565036023537384e-08
R_EX_urea_e	0.0005896715372854199
R_2DGULRGy	-2.9047981817259573e-09
R_EX_fald_e	1.6565332547529614e-08
R_2DGULRx	3.377702276853777e-09
R_2DGULRy	-6.5559634316018075e-09
R_EX_uri_e	-9.841047994993326e-09
R_2MAHMP	0.006486972812170006
R_34dhpactex	-9.892104468889329e-09
R_EX_fe2_e	-0.03366303962327104
R_3AMACHYD	0.00649464315928245
R_3AMPtex	9.96716820189647e-09
R_3CMPtex	9.943618595187331e-09
R_3GMPtex	9.969171044232894e-09
R_EX_fe3_e	0.033660080426286376
R_3HAD100	0.02140288046943816
R_EX_fe3dcit_e	-9.873790583009759e-09
R_3HAD120	0.007908291158353824
R_5DOAN	5.935931348370744e-06
R_EX_fe3dhbzs_e	-9.892669173701167e-09
R_5MTRtex	-0.00026216829500236294
R_5MTRtpp	0.0002621682950023009
R_3HAD121	0.020889054946483226
R_3HAD140	0.0059455951629915
R_A5PISO	0.0010327856559476656
R_EX_fe3hox_e	5.399896037540163e-09
R_AACPS1	0.023855245559833815
R_AACPS2	0.0212602985768141
R_3HAD141	0.02088905494648323
R_EX_fe3hox_un_e	-5.399896038972657e-09
R_AACPS3	0.023092380238501325
R_AACPS4	0.020206078323523793
R_AACPS5	0.019162243854561927
R_3HAD160	0.006159714689330759
R_AACPS6	0.020584964452418444
R_EX_fecrm_e	5.3998960371659995e-09
R_AACPS7	0.023375695156104253
R_3HAD161	0.016713565467335743
R_AACPS8	0.007840133166197118
R_EX_fecrm_un_e	-5.399896039056792e-09
R_AACPS9	0.00851815941300449
R_3HAD180	0.005437414099565979
R_3HAD181	0.009993246175012346
R_AACTOOR	0.04273659743671292
R_AADDGT	1.7780824639519223e-05
R_AAMYL	1.5141928408422526e-08
R_AAMYLpp	-5.162087957429789e-09
R_AB6PGH	-5.122339461771786e-22
R_ABTA	0.033960188130572874
R_ABUTD	0.012649888939329026
R_3HAD40	0.013294915726955443
R_3HAD60	0.013294915726955443
R_3HAD80	0.013294915726955438
R_3HCINNMH	9.94891932794591e-09
R_3HPPPNH	9.94299934071834e-09
R_ABUTt2pp	0.012889097026714105
R_EX_feenter_e	5.948575309683662e-09
R_ABUTtex	-1.2765769707989705e-07
R_3HPPtex	-0.006494643159282498
R_3HPPtpp	0.00649464315928245
R_ACACCT	-2.194364199427546e-09
R_ACACT1r	0.014161311854502881
R_3KGK	-1.7634997086656488e-18
R_ACACT2r	0.014161300351418694
R_EX_feoxam_e	5.313701189382094e-09
R_ACACT3r	-0.011223932325455974
R_ACACT4r	-0.019331916489387604
R_3NTD2pp	1.986403070018529e-08
R_3NTD4pp	1.9900652807272674e-08
R_EX_feoxam_un_e	-5.313701191371588e-09
R_ACACT5r	-0.026726391801281925
R_EX_for_e	0.40895899561433824
R_ACACT6r	-0.02648735636335363
R_3NTD7pp	1.993941921996995e-08
R_3NTD9pp	1.9942868890832673e-08
R_EX_fru_e	-9.726933449842623e-09
R_3OAR100	0.021402880469438168
R_ACACT7r	-0.022871159078668428
R_EX_frulys_e	-9.865686869189114e-09
R_ACACT8r	0.015430641249979574
R_ACACt2pp	-2.194364200330118e-09
R_ACACtex	-2.194364245866609e-09
R_3OAR120	0.007908291158353786
R_3OAR121	0.020889054946483222
R_3OAR140	0.007326179819575285
R_ACALD	0.0667937210646001
R_3OAR141	0.020889054946483226
R_EX_fruur_e	-9.784931219622796e-09
R_3OAR160	0.006159714689330853
R_ACALDtex	-0.008300630103935669
R_EX_fuc__L_e	-8.779268599578019e-09
R_3OAR161	0.01671356546733574
R_EX_fum_e	-9.215829468868763e-09
R_ACALDtpp	-0.008300630103935822
R_3OAR180	0.005437414099565996
R_EX_fusa_e	-1.366437107130135e-17
R_ACANTHAT	4.846778519809115e-20
R_3OAR181	0.009993246175012346
R_ACBIPGT	1.6800730744903144e-13
R_EX_g1p_e	-8.459360066544282e-09
R_ACCOAC	0.1637042067838158
R_3OAR40	0.013294915726955403
R_EX_g3pc_e	-9.919373318427575e-09
R_3OAR60	0.013294915726955403
R_ACCOAL	0.04341810871454197
R_ACGAL1PPpp	1.978661287555008e-08
R_3OAR80	0.013294915726955403
R_EX_g3pe_e	-5.866192172071333e-09
R_ACGAL1Ptex	9.818538204697802e-09
R_ACGALtex	-1.9786612792671576e-08
R_ACGAM1PPpp	1.9880503474814223e-08
R_3OAS100	0.021402880469438175
R_ACGAM1Ptex	9.907644482609612e-09
R_ACGAMK	0.01945505645826108
R_ACGAMT	1.7780810036907365e-05
R_3OAS120	0.00790829115835377
R_3OAS121	0.020889054946483222
R_3OAS140	0.007326179819575284
R_ACGAptspp	2.9613160106764688e-08
R_EX_g3pg_e	1.1375542647321067e-08
R_ACGAtex	9.732656680583318e-09
R_ACGK	0.030240040740568866
R_ACGS	0.030240040740568866
R_3OAS141	0.020889054946483226
R_3OAS160	0.006159714689330773
R_3OAS161	0.01671356546733574
R_ACHBS	0.0003219483366380215
R_EX_g3pi_e	-9.872628715359564e-09
R_3OAS180	0.005437414099565965
R_ACKr	-0.1543896608585138
R_EX_g3ps_e	-9.887874820682022e-09
R_ACLS	0.013405057714975738
R_ACM6PH	0.019455056429873177
R_ACMAMUT	1.778081733821299e-05
R_3OAS181	0.009993246175012344
R_EX_g6p_e	-9.423793504327032e-09
R_3OAS60	0.013294915726955445
R_ACMANAptspp	9.761111983268644e-09
R_EX_gal_e	3.525107255586046e-08
R_ACMANAtex	9.761111918749066e-09
R_ACMUMptspp	9.91560501187352e-09
R_3OAS80	0.013294915726955445
R_3OXCOAT	1.991981125716858e-08
R_ACMUMtex	9.91560501187971e-09
R_EX_gal_bD_e	-9.77734949700089e-09
R_ACNAMt2pp	9.927079152179045e-09
R_3PEPTabcpp	0.00108497349636179
R_3PEPTtex	9.909612908032273e-09
R_3UMPtex	9.919718824136226e-09
R_EX_gal1p_e	-9.800289754125847e-09
R_42A12BOOXpp	9.892104342325979e-09
R_ACNAMtex	9.92707915870028e-09
R_ACNML	9.927079151172292e-09
R_ACOAD1f	-0.014161309660138673
R_4HOXPACDtex	-9.892104468889329e-09
R_4HTHRS	9.747943761424617e-21
R_ACOAD2f	-0.014161300351418698
R_EX_galct__D_e	-9.713034342104066e-09
R_ACOAD3f	0.011223932325455979
R_ACOAD4f	0.01933191648938761
R_4PCP	0.0028430311640275786
R_4PCPpp	0.0005450218858356288
R_ACOAD5f	0.026726391801281918
R_4PEPTabcpp	0.0014479689817597822
R_EX_galctn__D_e	-9.84895953558614e-09
R_4PEPTtex	9.945616774587052e-09
R_5DGLCNR	-0.011471993129682001
R_ACOAD6f	0.022311875923322316
R_ACOAD7f	0.016152934500443493
R_ACOAD8f	0.0054374042516577
R_ACOATA	0.0008107509748604969
R_5DGLCNt2rpp	-0.0017076852643366745
R_5DGLCNtex	-0.0017076852643367335
R_ACODA	0.017264407367132088
R_EX_galctn__L_e	-9.916372079615997e-09
R_ACOLIPAabctex	0.0003371855996808017
R_ACONIs	0.0
R_EX_galt_e	-9.793165861844662e-09
R_ACONMT	-1.0195430486338841e-19
R_ACONTa	0.19800012591793437
R_ACONTb	0.19800012591793437
R_ACOTA	-0.01726440736713214
R_ACPPAT120	0.016845513026919445
R_AGM4PCPpp	0.002011732222647701
R_AGM4PH	0.005079979237917358
R_AGM4Pt2pp	0.008505429528203951
R_AGMH	0.008889084308214935
R_ACPPAT140	0.016662091837800756
R_EX_galur_e	-9.740800707156252e-09
R_ACPPAT141	0.017795000062143792
R_ACPPAT160	0.016958173479781236
R_AGMHE	0.0013699733106233131
R_AGMT	0.0005896715372853227
R_ACPPAT161	0.018435563706428924
R_AGMt2pp	0.0025329325464925807
R_EX_gam_e	-9.55584578210481e-09
R_AGMtex	9.850420701340568e-09
R_ACPPAT180	0.018155290852069295
R_ACPPAT181	0.019314312541645264
R_ACPS1	2.1512378203805424e-19
R_AGPAT120	0.005338869198202067
R_AGPAT140	0.005240548824258027
R_EX_gam6p_e	-9.751455406351808e-09
R_ACS	0.012503986500177401
R_ACSERtex	-0.00028911413407639586
R_AGPAT141	0.005980874142677386
R_EX_gbbtn_e	-9.935546730788641e-17
R_ACSERtpp	0.0002891141340765825
R_AGPAT160	0.005402476571908509
R_EX_gdp_e	9.783153453903016e-09
R_AGPAT161	0.006616935447651378
R_AGPAT180	0.006274412329547911
R_AGPAT181	0.007775067486976765
R_AGPR	-0.030240040740568852
R_ACt2rpp	-0.24080646056287736
R_ACt4pp	0.012502814644394017
R_ACtex	-0.2283036459184835
R_ADA	0.0014459075533640522
R_ADCL	-1.5599591661870767e-11
R_AGt3	5.909704721387145e-24
R_AHCYSNS	0.021053123634756112
R_ADCS	-1.5599591797824815e-11
R_AICART	0.0029134491384701366
R_AMALT3	-9.233469450988412e-09
R_AIRC2	0.0026748865760568515
R_AIRC3	-0.0026748865760568563
R_AKGDH	0.026481590346864314
R_AKGt2rpp	-9.24332634388847e-06
R_AKGtex	-9.24332634388847e-06
R_ALAALAD	0.00017959943531754293
R_ALAALAabcpp	0.0020226692094069743
R_ADD	0.0006075088226481053
R_ADEt2rpp	9.944678525108941e-09
R_ADEtex	9.944678636131243e-09
R_ADK1	0.2675489593390207
R_ADK3	0.16256778900439073
R_ADK4	-0.0031523266841796405
R_ADMDC	0.0002621682950023009
R_ADNCYC	0.001737862639385221
R_ADNK1	0.06296745596297258
R_ALAALAr	0.017611966248693545
R_ALAALAtex	9.621275998128453e-09
R_ALAGLUE	0.008761182829549408
R_ALAR	0.054985454895586414
R_ADNUC	0.0005950955996176055
R_ADNt2pp_copy1	0.02145181617488638
R_ADNt2pp_copy2	-0.02145177630884517
R_ADNtex	9.95853191576579e-09
R_ADOCBIK	1.6812615711248343e-13
R_ADOCBLS	1.6785875873065099e-13
R_ALATA_D2	0.054976583161781556
R_ALATA_L	-0.08605558853610124
R_ALATA_L2	0.09256086543877695
R_ALATRS	2.2579574028363418e-21
R_ALAabcpp	0.0018920634516791026
R_ALAt2pp_copy1	0.1211867031428379
R_ADOCBLabcpp	9.86464422696792e-09
R_ADOCBLtonex	9.864588481650818e-09
R_ALAt2pp_copy2	-0.12683105120596336
R_AMALT4	-9.233469431352787e-09
R_ALAt4pp	0.0037098901565172583
R_ALAtex	-4.239445492926208e-05
R_ALCD19	-0.0017276587625040668
R_ALCD2x	-0.0800538399214557
R_ADPRDP	0.0010764249440626031
R_ADPT	0.011358273660948026
R_ADSK	0.009461671475920315
R_ADSL1r	0.009418252955754491
R_ADSL2r	0.0026748865760567453
R_ADSS	0.009418252955754504
R_AGDC	0.03891017213347841
R_ALDD19xr	1.9919811255347808e-08
R_ALDD2x	0.0012048103640579007
R_AMANAPEr	1.9688191132960497e-08
R_ALDD2y	0.002377398627343807
R_ALDD3y	-7.368657779775926e-09
R_ALDD4	9.907652137952044e-09
R_AGM3PA	0.004295029503882508
R_AGM3PApp	0.0005399417009132071
R_AGM3PH	0.005485982968135873
R_AGM3Pt2pp	0.008416684439571633
R_AGM4PA	0.0020611222578398453
R_ALLK	9.516538365823744e-09
R_ALLPI	9.516538369835903e-09
R_ALLTAMH	0.0026751241859736493
R_ALLTN	0.0026751241859736493
R_ALLTNt2rpp	9.847508076338274e-09
R_AGM4PApp	0.001992980921978523
R_AGM4PCP	0.0013643280324467488
R_ALLTNtex	9.847507920213161e-09
R_AMANK	9.927079150666861e-09
R_ALLULPE	9.516538366366456e-09
R_AMAOTr	9.98392243878321e-09
R_ALLabcpp	9.516538365529918e-09
R_ALLtex	9.516538446163736e-09
R_AMMQLT8	-1.2861805169667946e-11
R_ALPATE160pp	2.8237160989397148e-09
R_ASCBptspp	9.923034834491387e-09
R_ASCBtex	9.923034838266176e-09
R_ALPATG160pp	-2.8237160989404485e-09
R_AMPMS2	-4.222256452901036e-09
R_ALR2	0.016480751485113163
R_ALR4x	0.016480751485113163
R_ASNN	0.008045791660272575
R_ASNNpp	1.544884622290109e-05
R_AMPN	0.01839864388928635
R_ASNS1	0.0015150089752620569
R_ALTRH	1.9657172822521694e-08
R_AM3PA	0.006959351701330329
R_ASNS2	0.006546218000881776
R_AMPTASECG	0.003244596313206359
R_AM4PA	0.003606610504722902
R_ASNTRS	6.3215857274430276e-21
R_AM4PCP	0.001473368733194456
R_AMALT1	8.750231832515125e-08
R_ASNabcpp	0.0027683395809612998
R_ASNt2rpp	-0.002783779646541494
R_ASNtex	8.780642657413296e-09
R_AMALT2	-9.233469460801881e-09
R_ASO3t8pp	-1.324816853084845e-21
R_AMPTASEPG	9.922379767398253e-09
R_ASO3tex	0.0
R_ASP1DC	1.897732672372546e-08
R_AMPtex	9.968090131096119e-09
R_ASPCT	0.006505322037112118
R_ANHGMtex	9.92360082996413e-09
R_ASPK	0.01097095942435411
R_ASPO3	1.5791787848972911e-10
R_ANHMK	0.019455046514268166
R_ASPO4	-7.114534331816701e-09
R_ASPO5	7.435070774557388e-11
R_ANPRT	0.00017869362765020376
R_ASPO6	6.3311163519430006e-09
R_ANS	0.00017869362765020387
R_AOBUTDs	0.04273659743671292
R_AOXSr2	9.983922418017875e-09
R_ASPT	0.007298245404998539
R_CAT	0.0
R_ASPTA	-0.03802273424896152
R_AP4AH	0.002837444750136507
R_ASPTRS	3.6032249015873184e-21
R_CAt6pp	-0.0873503433698383
R_CBIAT	1.6821960491242294e-13
R_AP4AS	0.002837444750136507
R_CBItonex	1.6836598771349608e-13
R_AP5AH	-1.1142578552331231e-19
R_CBIuabcpp	1.683065589168621e-13
R_ASPabcpp	0.0007824875973971922
R_ASPt2_2pp	0.027163864679569084
R_ASPt2_3pp	0.020308730518750304
R_ASPt2pp_copy1	0.014833351226540442
R_CBL1abcpp	-9.867152113668732e-09
R_CBL1tonex	-9.86718329209209e-09
R_APCS	-3.03310525923001e-20
R_CBLAT	-9.867096355253846e-09
R_CBMD	0.00649464315928245
R_CBMKr	0.004484092114567188
R_CBPS	0.0005383171012589176
R_ASPt2pp_copy2	-0.06307570501664339
R_ASPtex	-2.7198406093997818e-06
R_ASR	-1.1681471593554009e-21
R_AST	0.0005627018945682285
R_ATHRDHr	-0.052187041130431544
R_ATPHs	0.0013928811901593114
R_ATPM	0.0011967696773264981
R_CCGS	2.521723761640828e-20
R_CD2abcpp	0.0001789018631959856
R_CD2t3pp	0.03510870072685385
R_CD2tex	0.0
R_ATPPRT	0.00023856256241322783
R_APG3PAT120	0.004057981685670295
R_ATPS4rpp	1.1021393298492035
R_BALAt2pp	-9.058215516232475e-09
R_BALAtex	-9.058215511004164e-09
R_BETALDHx	-3.335502456164184e-09
R_CD2tpp	0.03528760259004983
R_CDAPPA120	0.0007220910989599757
R_CDAPPA140	0.0007267303422018475
R_CDAPPA141	0.0006932293497101136
R_CDAPPA160	0.0007191217437021379
R_CDAPPA161	0.0006669154807779371
R_CDAPPA180	0.0006808123567601767
R_CDAPPA181	0.0006241945433101244
R_CDGR	1.256318932310252e-20
R_BETALDHy	2.2921821643586626e-08
R_BMOCOS	-2.4590645271988234e-12
R_BMOGDS1	-2.432330920213737e-12
R_BMOGDS2	-2.40541873409928e-12
R_BPNT	0.009461671475920317
R_BSORx	6.0847428462801815e-09
R_BSORy	-6.084743773604521e-09
R_CDGS	2.3530332134575794e-20
R_CDPMEK	-2.7112250682319938e-09
R_BTNt2ipp	-9.983960591179293e-09
R_APG3PAT140	0.0039936829890786585
R_BTNtex	-9.98396054718853e-09
R_BTS5	9.983922473137977e-09
R_BUTCT	-9.308719982479746e-09
R_CFAS160E	-2.1043747593932186e-19
R_CFAS160G	-2.1632228151217486e-19
R_CFAS180E	-2.1160898529748042e-19
R_BUTSO3abcpp	9.907652136441994e-09
R_BUTSO3tex	9.907652254170785e-09
R_CFAS180G	-2.1745408523392463e-19
R_APG3PAT141	0.0044853039065896536
R_CGLYabcpp	0.003244596313206359
R_CGLYtex	9.761903951854833e-09
R_CHLabcpp	-8.59600474620431e-09
R_CHLt2pp	2.4046162416754726e-08
R_CHLtex	9.666945688380224e-09
R_BUTt2rpp	-1.921637212093201e-08
R_BUTtex	-1.921637182711322e-08
R_BWCOGDS1	-5.353695474011142e-14
R_BWCOGDS2	-2.6812898254749033e-14
R_BWCOS	-8.008351536722021e-14
R_CA2t3pp	0.08735034347134074
R_CA2tex	-1.0150258411556479e-10
R_CADVtpp	0.0006794337748185638
R_CHOLD	1.9586319187244703e-08
R_CHORM	3.989415578591689e-05
R_CHORS	0.00021857810210331724
R_CHRPL	-5.2315561069752474e-11
R_CHTBSptspp	9.9439929132004e-09
R_CHTBStex	9.943992962391235e-09
R_CINNDO	-2.8114625126969948e-21
R_CITL	0.00012845083969570734
R_CLt3_2pp	-5.075122502950932e-11
R_CITt3pp	0.009274656055830785
R_APG3PAT160	0.004099750280057112
R_CITt7pp	0.009150568325778336
R_CITtex	-0.00012408773005234686
R_CLtex	-1.0150236207095986e-10
R_CMPN	0.009460792470375547
R_CMPtex	9.946260703941334e-09
R_CLIPAabctex	2.0876630240327387e-06
R_APG3PAT161	0.0049180430205725935
R_CLPNH120pp	0.003960064440218113
R_CLPNH140pp	0.003968474074992425
R_CLPNH141pp	0.003909594135923723
R_CMtex	0.07815114109678278
R_CMtpp	0.07815114109678278
R_CO2tex	-0.7026146386753291
R_CLPNH160pp	0.003954719550659153
R_CO2tpp	-0.695700824632444
R_COBALT2abcpp	0.0003404962323505788
R_COBALT2t3pp	0.06681956058241284
R_COBALT2tex	-4.898303984646191e-13
R_CLPNH161pp	0.003867059024375956
R_CLPNH180pp	0.0038887916089695904
R_CLPNH181pp	0.0038059347030135146
R_CLPNS120pp	0.003960064440218111
R_CLPNS140pp	0.0039684740749924285
R_COBALT2tpp	0.06716005681427374
R_APG3PAT180	0.004681736959180691
R_COLIPAKpp	4.779117435410709e-07
R_CLPNS141pp	0.003909594135923719
R_CLPNS160pp	0.003954719521238811
R_APG3PAT181	0.00570895748602452
R_CLPNS161pp	0.0038670590014912437
R_COLIPAPabctex	4.779117435416607e-07
R_COLIPAabcpp	0.00034249332765582676
R_APH120	0.012787531341249152
R_COLIPAabctex	3.845626044133392e-07
R_CLPNS180pp	0.0038887916089695856
R_APH140	0.012668408848722099
R_CLPNS181pp	0.0038059346912213965
R_CPGNR1	0.007685237120586511
R_APH141	0.013309696155554137
R_APH160	0.012858423199724122
R_CPGNR2	0.0003891977246254444
R_CPGNR3	0.0003844665479561137
R_APH161	0.013517520685856332
R_CYANSTpp	9.16031796300601e-09
R_CPGNUtex	0.01691780278633614
R_APH180	0.013473553892888603
R_APH181	0.013605355055620744
R_CPGNUtpp	0.01691780278633614
R_APPLDHr	0.0
R_CPGNabcpp	0.01691780278633614
R_CPGNexs	0.016917809084952447
R_CPGNtonex	0.01691780278633614
R_CPH4S	1.5345095644229635e-20
R_CPMPS	-5.29835607328591e-12
R_CYANtex	9.160318059642236e-09
R_CYNTAH	9.819460625103216e-09
R_CYNTt2pp	9.819460624716687e-09
R_CYNTtex	9.81946057798666e-09
R_CYSDDS	9.879947232494374e-09
R_CYSDS	0.012362582153036566
R_CYSDabcpp	9.879947233016164e-09
R_CYSDtex	9.879947304725079e-09
R_CYSS	0.012624821930250666
R_CYSSADS	-5.540326769281338e-21
R_CPPPGO	-9.754198608149848e-09
R_CPPPGO2	2.955197043600629e-06
R_CRNBTCT	8.673617379884035e-19
R_CRNCAL2	2.416056661389435e-11
R_CRNCAR	4.8321122277095174e-11
R_CRNCBCT	2.41605511638876e-11
R_CYSTL	0.00026217290307539677
R_APRAUR	-8.914064914887132e-12
R_CYSTRS	6.664524095819296e-21
R_CYSabc2pp	6.21379629090745e-05
R_CRNCDH	-2.6020852139652106e-18
R_CRNDCAL2	-4.832112354854888e-11
R_ARAI	-7.346716574506418e-09
R_CRNDabcpp	0.0018076404437681987
R_CYSabcpp	0.011309844776052472
R_CYStex	-8.281308749857885e-08
R_ARBTNR1	0.011314076008736249
R_CYStpp	0.011247789626230796
R_CYTBD2pp	0.027543405382123985
R_CYTBDpp	0.07588956986802413
R_CYTBO3_4pp	1.3002245020553835
R_CYTD	0.00039464112597912133
R_CRNDt2rpp	0.0025411226436952983
R_CRNDtex	-4.832112487918039e-11
R_CRNabcpp	0.001769785676487891
R_CRNt2rpp	-0.006118548763951376
R_CRNt7pp	8.153374285964693e-19
R_CYTDH	0.0022826268946227047
R_CRNt8pp	0.004348763135784609
R_CYTDK2	0.007360876460647373
R_ARBTNR2	0.0005729736620262474
R_CYTDt2pp_copy1	0.021451816122343887
R_CRNtex	4.832112487918039e-11
R_CS	0.19825264474010137
R_CSND	0.011743429281093704
R_CYTDt2pp_copy2	-0.021451776362590925
R_CYTDtex	9.912839438186438e-09
R_CSNt2pp	9.916095451913574e-09
R_ARBTNR3	0.0005660085059919689
R_CSNtex	9.916095278228454e-09
R_CTBTCAL2	2.4160554134784907e-11
R_CTBTabcpp	0.0017886129170753262
R_CYTK1	0.054443812638441225
R_CYTK2	-0.007357523511242525
R_D_LACt2pp	-0.08278101477587116
R_D_LACtex	-0.08278101477587119
R_CTBTt2rpp	-0.0017886129170753273
R_CTECOAI6	0.004175480440031312
R_ARBTNabcpp	0.02490611635350893
R_CTECOAI7	0.006718224578224921
R_CTECOAI8	0.009993236998321886
R_DAAD	3.7331058849272127e-06
R_DADA	0.001622062995404296
R_DADK	-0.02861837986628013
R_DADNt2pp	1.9939449150831228e-08
R_DADNtex	9.96644500261823e-09
R_DAGK120	0.0072521928057912985
R_CTPS2	0.022484386349886535
R_CU1Opp	-9.931744514921973e-09
R_CU1abcpp	-6.148404491837407e-09
R_CU2abcpp	0.0025126173636849714
R_CU2tex	3.971313300432655e-08
R_DAGK140	0.0072683589590743095
R_ARBTNexs	0.024906121822360013
R_DAGK141	0.00714932246942816
R_DAGK160	0.007241792489863027
R_CU2tpp	0.0025126173498397995
R_CUt3	6.1484044918373906e-09
R_CUtex	-3.3578573477299756e-08
R_DAGK161	0.007052038577819186
R_ARBTNtex	0.02490611635350893
R_DAGK180	0.007103873708971925
R_DAGK181	0.006886475940919899
R_CYANST	-1.0572451451353484e-20
R_DALAt2pp	0.024906196488868368
R_ARBTNtonex	0.02490611635350893
R_DALAtex	-5.168504495722814e-06
R_DAMPtex	9.973004200247715e-09
R_DCYTt2pp	1.9894203153637626e-08
R_ARBTNtpp	0.02490611635350893
R_DCYTtex	9.937394268577648e-09
R_DDCAtexi	-9.718090004705396e-09
R_DAPAL	9.837164645629068e-09
R_DAPDC	0.0006941001382994857
R_DAPE	0.0006940704061673963
R_DAPabcpp	9.309017887693036e-09
R_DDGALK	9.848959490194091e-09
R_DDGLCNt2rpp	8.462584109164561e-09
R_DDGLCNtex	8.462583966917236e-09
R_DDGLK	6.757836512482538e-08
R_DDPA	0.001696365365846193
R_DAPtex	-0.0006794337748183832
R_DASYN120	0.008906310028959719
R_DASYN140	0.008849455175235901
R_DASYN141	0.00927710956938139
R_DASYN160	0.008943085088816423
R_DDPGALA	9.848959495184495e-09
R_DGK1	-0.021951711608304003
R_DGMPtex	9.970519299073999e-09
R_DASYN161	0.009643144106607254
R_ARBTptspp	7.939298456886319e-22
R_DASYN180	0.009446308362610555
R_DASYN181	0.010303129899398843
R_DGSNt2pp	1.9933049872276554e-08
R_DGSNtex	9.962530578278006e-09
R_DHACOAH	1.9919811255347808e-08
R_DATPHs	0.004111403486230979
R_DB4PS	-1.7828130028440348e-11
R_DHAD1	0.013405057714975722
R_ARBTtex	7.923154019692508e-22
R_DHAD2	0.00032194833663805095
R_DHAPT	0.0018558957838086798
R_DBTS	9.983922453430061e-09
R_DC6PH	9.943992913211665e-09
R_DCAtex	-9.676495604793445e-09
R_DHAtex	-0.010969502755060478
R_ARBabcpp	0.003242459263571125
R_DHAtpp	-0.01096950275506045
R_DHBD	-9.585454090188517e-09
R_DHBS	0.0009521310153021556
R_DHBSH	0.0009521406007562459
R_DHCIND	-3.977176317568653e-21
R_DCMPtex	9.956808932898298e-09
R_DCTPD	0.0027636711726761057
R_DCYTD	0.007582717498254316
R_DHCINDO	9.94891932793868e-09
R_ARBt2rpp	0.002790732326378262
R_DHDPRy	0.00069407040616737
R_DHDPS	0.00069407040616737
R_ARBt3ipp	0.006033198936665966
R_DHFR	1.0882883737017846e-05
R_DHFS	-1.5599590258664317e-11
R_FFSD	9.863920791270125e-09
R_ARBtex	-7.346716568434886e-09
R_DNMPPA	-1.5599594286613043e-11
R_DHMPTR	-2.511478637593456e-19
R_DHNAOT4	-2.5723052189948974e-11
R_DHNCOAS	-2.57293362828019e-11
R_DNTPPA	-1.5599594426050824e-11
R_ARGAGMt7pp	-0.0005870122307971128
R_DOGULNR	-8.774705423848269e-19
R_DHNCOAT	-2.5726479451831685e-11
R_DHNPA2r	-1.559959106334219e-11
R_DOPAtex	9.892104246844724e-09
R_ARGDC	2.659306488210155e-06
R_DHNPTE	0.0
R_DOXRBCNtex	0.07815114109678278
R_ARGDCpp	0.0005870023803764562
R_DOXRBCNtpp	0.07815114109678285
R_DHORD2	0.004946523135293524
R_ARGORNt7pp	0.0074088942734840575
R_DHORD5	0.0007545352281152839
R_DHORDfum	0.0008042636737033307
R_DHORTS	-0.006505322037112127
R_DHPPD	9.958564475351219e-09
R_DPCOAK	-1.1517506230878324e-11
R_DPR	9.919111207391461e-09
R_DRPA	0.07560532942048447
R_DSBAO1	6.050126909923986e-09
R_DHPPDA2	-8.914064870454274e-12
R_ARGSL	0.001152347863959291
R_DHPS2	-1.5599591327176036e-11
R_DHPTDCs2	0.021053123634756112
R_DSBAO2	-6.05012690992323e-09
R_DSBCGT	-3.5124771483895614e-09
R_DSBDR	9.97371732624061e-09
R_DHPTDNR	0.0
R_DHPTDNRN	0.0
R_ARGSS	0.0011523478639592912
R_DHPTPE	0.0
R_DHQS	0.001696365365846193
R_DSBGGT	-6.461240177852574e-09
R_DSERDHr	-0.0009910314877047688
R_DSERt2pp	9.160027122507102e-09
R_DSERtex	9.160027181209784e-09
R_DHQTi	0.00021856885052802432
R_ARGTRS	1.0516752809482209e-20
R_DIMPtex	9.96793692031872e-09
R_DINSt2pp	1.9926210924060678e-08
R_DTARTD	9.52145806641893e-09
R_ARGabcpp	0.0011620700263754243
R_DTMPK	0.00013660314609867386
R_DINStex	9.958273983201593e-09
R_DKGLCNR1	1.9567300898902534e-08
R_DTMPtex	9.916959697875427e-09
R_ARGt3pp	0.00857094456020636
R_DUMPtex	9.947342061167319e-09
R_DURADx	0.0
R_DURIK1	0.006346189607546939
R_DURIPP	0.017504417374494874
R_DURIt2pp	1.9862956737214884e-08
R_DURItex	9.915614662681094e-09
R_DKGLCNR2x	-9.767426579488256e-09
R_DUTPDP	0.009932562912620397
R_ARGtex	9.889232543969229e-09
R_DXPRIi	-2.711740575706853e-09
R_DXPS	-6.27615247605613e-09
R_DKGLCNR2y	-9.799874319418794e-09
R_DMATT	-2.745651787130107e-10
R_DMPPS	-1.354837397195041e-09
R_DMQMT	-1.2866032650871073e-11
R_DXYLK	1.0238830030948651e-13
R_E4PD	6.582066003346654e-10
R_DMSOR1	2.4704328688002493e-09
R_ASAD	-0.01097095942435422
R_DMSOR1pp	4.356563089951304e-09
R_DMSOR2	-2.470432869103727e-09
R_EAR100x	0.00044681688292776974
R_EAR100y	6.700864002719264e-05
R_EAR120x	0.006876881132376922
R_DMSOR2pp	5.420709269527253e-09
R_EAR120y	0.0010314100259769025
R_DMSOtex	9.777272547140115e-09
R_ASCBPL	9.923034832952072e-09
R_DMSOtpp	0.0
R_DMStex	-9.777272547140115e-09
R_EAR121x	0.018164667063180626
R_EAR121y	0.0027243878833026003
R_EAR140x	0.005170163977324203
R_FCLK	8.779268645390783e-09
R_EAR140y	0.0007754311856672984
R_EAR141x	0.01816466706318063
R_EAR141y	0.0027243878833026003
R_EAR160x	0.005356357595540396
R_EAR160y	0.0008033570937903649
R_EAR161x	0.01453375349243647
R_EAR161y	0.002179811974899273
R_EAR180x	0.004728260931274044
R_EAR180y	0.0007091531682919363
R_EAR181x	0.008689912036222094
R_EAR181y	0.001303334138790252
R_ECOAH5	-0.026726391801281918
R_ECOAH6	-0.02648735636335363
R_ECOAH7	-0.02287115907866842
R_ECOAH8	-0.015430641249979588
R_EDA	0.021076182038730098
R_EDD	0.021076114460364972
R_EDTXS1	0.0003430661827602105
R_EDTXS2	0.00034306618276021045
R_EDTXS3	2.087663024032874e-06
R_EDTXS4	2.0876630240328133e-06
R_EAR40x	0.011560971068254272
R_EAR40y	0.0017339446587011716
R_EAR60x	0.011560971068254272
R_EAR60y	0.001733944658701172
R_EGMEACPR	9.983922348402821e-09
R_FCLPA	8.77926864539802e-09
R_ENLIPAabctex	2.6909369307624836e-07
R_ENO	0.6491699000521896
R_EAR80x	0.011560971068254268
R_EAR80y	0.0017339446587011705
R_ECA4COLIPAabctex	4.445226238479087e-06
R_ENTCS	0.00031737700510071855
R_ENTERES	0.00015355459281175983
R_ENTERES2	0.00016382230988393093
R_EPMEACPR	9.98392238803056e-09
R_ECA4OALpp	4.4452262384775994e-06
R_ECAP1pp	4.445204334552143e-06
R_ECAP2pp	4.445211635860139e-06
R_ECAP3pp	4.4452189371687415e-06
R_ECAtpp	1.7780831940826128e-05
R_ETHAAL	0.02309121982973525
R_ETHAt2pp	0.004409761566424408
R_ECOAH1	0.014161309660138677
R_FCLT	2.9454428449822467e-06
R_ECOAH2	0.014161300351418687
R_ECOAH3	-0.011223932325455974
R_ETHAtex	-0.0004395292617112023
R_ETHSO3abcpp	7.988382712758359e-09
R_ETHSO3tex	7.988382622059476e-09
R_ECOAH4	-0.019331916489387604
R_ETOHtex	-0.08005383992145565
R_FDH4pp	0.005489457363558809
R_ETOHtrpp	-0.08005383992145573
R_F6PA	0.009837860611469906
R_F6PP	0.0013456696958418816
R_FHL	0.0
R_FLDR2	0.06172762872747278
R_F6Pt6_2pp	9.47526794590245e-09
R_FLVR	0.0016134513528388327
R_FDH5pp	0.0008373542989499719
R_FLVRx	0.0015780740470385942
R_FMETTRS	-2.14632524690633e-20
R_FMNAT	-4.457031769088581e-12
R_FMNRx	0.0016268192496312328
R_F6Ptex	9.47526790362474e-09
R_FA100ACPHi	0.0004456675307983102
R_FA120ACPHi	0.0001494705744693006
R_FA140ACPHi	0.00014646569047214905
R_FA141ACPHi	0.00016434361505267964
R_FA160ACPHi	0.00015130448472498219
R_FA161ACPHi	0.0001729183716640721
R_FMNRx2	0.0016040262647453436
R_FOMETRi	0.09533570229024055
R_FORCT	0.0
R_FDMO	9.788323103032828e-09
R_FORt2pp	0.40275138690834705
R_FORtex	-0.40895899561433824
R_FORtppi	0.8180371941851942
R_FRD2	0.10945355397585181
R_FRD3	0.1189912045726226
R_FRUK	1.933048679292138e-08
R_FRULYSDG	1.973137372587863e-08
R_FRULYSE	9.865686850796251e-09
R_FA80ACPHi	0.0004101928368024451
R_FDMO2	9.78374763920017e-09
R_FRULYSK	1.9731373726789877e-08
R_FRULYSt2pp	9.865686880716947e-09
R_FRULYStex	9.865686934062978e-09
R_FRUURt2rpp	9.784931238095845e-09
R_FRUURtex	9.784931309653189e-09
R_FACOAE100	0.007394465635398807
R_FACOAE120	0.005974311344963864
R_FACOAE140	0.006628237886808572
R_FRUpts2pp	-9.603553289377877e-09
R_FRUptspp	1.9330486792922078e-08
R_FRUtex	9.726933480891375e-09
R_FTHFD	0.11150378024621035
R_FTHFLi	0.006381330827517837
R_FUCtex	8.77926864539802e-09
R_FUCtpp	8.77926864539802e-09
R_FUM	0.21625355748754854
R_FUMt2_2pp	6.348598958516599e-09
R_FUMt2_3pp	2.867230545389846e-09
R_FACOAE141	0.003042035335157925
R_FACOAE160	0.005585762368133261
R_FACOAE161	0.0016005997505073929
R_FACOAE180	0.002269758644937668
R_FACOAE181	0.0005669868502166521
R_FUMtex	9.215829432918099e-09
R_FUSAtex	0.07815114109678278
R_FDMO3	7.988382712741531e-09
R_FUSAtpp	0.07815114109678274
R_G1PACT	0.03963592600853422
R_G1PPpp	1.8420429897461507e-08
R_FACOAE60	0.025527638503979263
R_FACOAE80	0.008107974630343705
R_FACOAL100t2pp	-9.676495508704588e-09
R_FACOAL120t2pp	0.0062133467828921546
R_FACOAL140t2pp	0.006068954731462467
R_G1PTT	0.0003602741522953465
R_G1Ptex	8.45936010129833e-09
R_G1SAT	2.3563507102364323e-05
R_FACOAL141t2pp	0.007217515775189237
R_FDMO4	9.907652137256756e-09
R_FACOAL160t2pp	0.006308055618597176
R_FACOAL161t2pp	0.008318824328732318
R_FACOAL180t2pp	0.007707162896595366
R_FACOAL181t2pp	0.010560223848538528
R_FACOAL60t2pp	3.4699111020618094e-05
R_FACOAL80t2pp	-9.533587923079145e-09
R_G2PP	1.955424023522973e-08
R_G2PPpp	-9.75501159960535e-09
R_G3PAT120	0.0012808875125317719
R_G3PAT140	0.0012468658351793677
R_G3PAT141	0.0014955702360877328
R_G3PAT160	0.001302726291851397
R_G3PAT161	0.0016988924270787845
R_G3PAT180	0.001592675370367219
R_FADRx	7.89400760768649e-05
R_FDMO6	8.517076695856334e-09
R_FADRx2	6.886910995449964e-05
R_FALDH2	-6.781584807602492e-09
R_FALDtex	-1.656533243910019e-08
R_FALDtpp	-1.656533243910019e-08
R_FALGTHLs	-6.781584793724704e-09
R_G3PAT181	0.002066110000952246
R_G3PCabcpp	4.1361615164082516e-09
R_G3PCtex	9.919373322730962e-09
R_G3PD2	-0.03275151013652916
R_G3PD5	0.0005139782173299614
R_G3PD6	1.8642193328653324e-05
R_FBA	0.1998981023131945
R_FBA3	0.13535724856199127
R_G3PD7	1.7147341711795247e-05
R_FE2abcpp	0.00011459985771243984
R_FBP	0.019435804438804258
R_G3PEabcpp	0.00020309437658919068
R_FE2t2pp	0.0011423543754082782
R_G3PEtex	5.8661921986669086e-09
R_G3PGabcpp	0.0005180601302728099
R_G3PGtex	-1.1375542730007737e-08
R_G3PIabcpp	5.022836551524312e-09
R_G3PItex	9.87262871454675e-09
R_FCI	8.77926864539802e-09
R_G3PSabcpp	1.9578020215390964e-08
R_FE2t3pp	0.15342354080561196
R_G3PStex	9.887874741210112e-09
R_G3PT	0.0022653748803833323
R_GGPTRCS	0.0037896926316557953
R_GHBDHx	0.0
R_GHMT2r	0.06592198060809984
R_G5SADs	0.025218862498490466
R_FE2tex	0.03366303962327111
R_G5SD	0.012243229125053698
R_G6PDA	0.026448114238083013
R_GK1	0.028173673594877713
R_GLBRAN2	0.3098622193449338
R_GLCATr	0.0
R_G6PDH2r	0.19846691040236022
R_FE2tpp	0.005500538618634107
R_G6PP	0.0016563670297785093
R_G6Pt6_2pp	9.42379357628615e-09
R_G6Ptex	9.42379352331102e-09
R_GAL1PPpp	1.976780966369267e-08
R_GLCDpp	0.01983254603755184
R_FE3DCITabcpp	9.873790582994719e-09
R_GLCNt2rpp	0.015334595108518284
R_GAL1Ptex	9.800289690886643e-09
R_GALBDtex	9.777349596618023e-09
R_GALCTD	9.713034324598e-09
R_GALCTLO	9.916372146227621e-09
R_GALCTND	9.84895949019507e-09
R_GLCNtex	-0.00449795092903349
R_GLCP	0.0935834729070618
R_GLCP2	0.07198775699516073
R_GALCTNLt2pp	9.916372146305915e-09
R_FE3DCITtonex	9.873790583002203e-09
R_GALCTNLtex	9.916372167850795e-09
R_GALCTNt2pp	9.848959490195251e-09
R_GALCTNtex	9.848959425795556e-09
R_GALCTt2rpp	9.713034324759784e-09
R_GLCRAL	1.9427653069281815e-08
R_GLCRD	9.714618744686494e-09
R_GLCRt2rpp	9.714618744854908e-09
R_GALCTtex	9.713034376801488e-09
R_FE3DHBZR	9.892669173687668e-09
R_GALKr	1.3562952039247733e-08
R_GALM2pp	9.777349596427717e-09
R_GALS3	9.440807153646474e-09
R_GLCRtex	9.714618665057628e-09
R_GLCS1	0.165571228361382
R_GLCTR1	0.00034249332765582774
R_GLCTR2	0.00034249332765582736
R_GALT1	0.0003424933276558276
R_FE3DHBZSabcpp	9.892669173692072e-09
R_GALTptspp	9.793165910375448e-09
R_GLCTR3	0.0003424933276558272
R_FE3DHBZStonex	9.892669173696591e-09
R_GLCUR1Ptex	9.915179788322348e-09
R_GALTtex	9.793165833826833e-09
R_GLCURt2rpp	2.9673676953112516e-08
R_GLCURtex	9.784931309653189e-09
R_GLCabcpp	0.002103353782288198
R_GALURt2rpp	9.740800676477646e-09
R_GALURtex	9.740800610558153e-09
R_GALUi	0.013607833892316207
R_GLCptspp	0.47103120358522566
R_FE3HOXR1	0.011642171365831802
R_GLCt2pp	0.020358924521278608
R_GALabcpp	2.2332939995848648e-10
R_FE3HOXR2	0.0005895894539269837
R_GLCtex_copy1	0.35014066221924023
R_FE3HOXR3	0.0005824223164104515
R_GLCtex_copy2	0.1631853373418226
R_GLDBRAN2	0.23787446234977308
R_FE3HOXUtex	0.025628366272338478
R_GLGC	0.165571228361382
R_FE3HOXUtpp	0.025628366272338478
R_GLNS	0.14404411845103754
R_FE3HOXabcpp	0.025628366272338478
R_GLNTRS	6.535070432628359e-21
R_FE3HOXexs	0.025628371672234515
R_GLNabcpp	1.8100972185821597e-08
R_GLNtex	9.833948544368809e-09
R_GLTPD	9.793165889337985e-09
R_GLU5K	0.012243229125053698
R_GLUABUTt7pp	0.012889224684411067
R_GALt2pp	1.3598311361415855e-08
R_GALtex	-3.525107250546e-08
R_GAM6Pt6_2pp	9.751455456853533e-09
R_GAMAN6Ptex	9.751455420925481e-09
R_GAMptspp	9.555845666067453e-09
R_GAMtex	9.555845670305985e-09
R_GAPD	0.7647325955441246
R_GLUCYS	0.0032445566848942225
R_GLUDC	0.017520734217285016
R_GLUDy	-0.26261513815315574
R_GLUN	0.010847686770899513
R_GLUNpp	-8.26702371373766e-09
R_GLUPRT	0.002674882353800417
R_GLUR	-0.00876115250216758
R_GARFT	-0.01493188599471229
R_FE3HOXtonex	0.025628366272338478
R_GART	0.017606768348512675
R_GLUSy	0.05847895387334637
R_GLUTRR	2.356350710234413e-05
R_GLUTRS	2.3563507102343516e-05
R_GLUabcpp	0.000595124910810993
R_GBBTNtex	0.0
R_GCALDD	9.772723510771219e-09
R_GDMANE	1.134945516833263e-19
R_GLUt2rpp	-0.023491055566900464
R_FE3Ri	0.00966596453192955
R_GLUt4pp	0.013251261174256802
R_GLUtex	-2.3081700328830834e-08
R_GDPDPK	0.00798766591563349
R_GDPMNH	0.0006331155203716893
R_GLXCL	0.006105961463534937
R_FE3abcpp	0.006068107466993699
R_GLYALDtex	-0.0017276587625041362
R_GDPMNP	0.0009148127065313137
R_GDPTPDP	0.006135327535147046
R_GLYALDtpp	-0.0017276587625040737
R_GDPtex	-9.783153398501554e-09
R_FE3tex	-0.17426098011013447
R_GF6PTA	0.0271738488058377
R_GGGABADr	0.0037896926316557944
R_GGGABAH	0.003789692631655795
R_GGPTRCO	0.0037896926316557953
R_GLYAT	0.09442279488365424
R_GLYBabcpp	-9.839472352055298e-09
R_GLYBt2pp	-9.74684683557256e-09
R_GLYBtex	-1.958631923315579e-08
R_GLYC2Pabcpp	1.9554240235228992e-08
R_GLYC2Ptex	9.799228539719707e-09
R_GLYC3Pabcpp	0.0003893603629298629
R_FECRMR1	0.011642171365831781
R_GLYC3Pt6pp	0.006768557300292837
R_GLYC3Ptex	-3.3140060917702385e-06
R_GTPDPDP	0.000926586338642419
R_GLYCAt2rpp	-0.005578093485215457
R_GTPDPK	0.007061913873789465
R_FECRMR2	0.0005895894539269824
R_GTPHs	0.00067928509653213
R_GLYCAtex	-0.00557809348521543
R_GLYCDx	0.0029875379273992283
R_GLYCK	0.00016367530675880277
R_GTPtex	9.783153398501554e-09
R_GUACYC	0.001670933296953293
R_GLYCK2	0.0003642219339612299
R_FECRMR3	0.0005824223164104517
R_GLYCL	0.027792287508664873
R_GLYCLTDx	0.13486469540805737
R_GLYCLTDy	0.020227427465032845
R_GUAD	7.432463518111146e-05
R_GUAPRT	0.019337492451429204
R_GUAt2pp	0.049965039502769516
R_GUAtex	9.938721429181285e-09
R_GUAtpp	-0.04996502956404808
R_GUI1	2.9673676953112516e-08
R_GUI2	9.740800676477646e-09
R_GUR1PPpp	1.9888745539020532e-08
R_H2O2tex	-2.9752651453662793e-08
R_H2Otex	-0.644990283308036
R_H2Otpp	-0.7240241545569388
R_H2SO	-8.727289303982516e-09
R_GLYCLTt2rpp	-0.11074384470162547
R_GLYCLTt4pp	0.011227493610735453
R_GLYCLTtex	-0.09951635109089008
R_GLYCTO2	0.04298694465233068
R_GLYCTO3	0.006557212974651122
R_GLYCTO4	0.006031623927941879
R_GLYCtex	-0.027483257287095553
R_GLYCtpp	-0.0005193258630905723
R_GLYK	0.007071356969470315
R_H2St1pp	0.00919950524271178
R_H2Stex	-0.009199505242711625
R_H2tex	-3.6088725119398646e-08
R_FECRMUtex	0.02562836627233843
R_H2tpp	-2.6312187886845528e-08
R_FECRMUtpp	0.02562836627233843
R_HACD1	0.014161309660138677
R_HACD2	0.014161300351418701
R_HACD3	-0.011223932325455974
R_HACD4	-0.019331916489387604
R_HACD5	-0.026726391801281932
R_HACD6	-0.02648735636335363
R_GLYOX	0.010234714732737519
R_GLYOX3	0.0005772080759765056
R_GLYTRS	3.3624465946288126e-21
R_GLYt2pp_copy1	0.12202038573906167
R_GLYt2pp_copy2	-0.12679667703045044
R_HACD7	-0.022871159078668435
R_HACD8	-0.015430641249979588
R_HADPCOADH3	1.9919811255347808e-08
R_HBZOPT	-5.2314270443288877e-11
R_HCINNMt2rpp	9.948919327262828e-09
R_FECRMabcpp	0.02562836627233843
R_HCINNMtex	9.948919243996102e-09
R_HCO3E	0.1669174202805922
R_HCYSMT	0.021053113743116896
R_GLYt4pp	0.0037104008150924935
R_GLYtex	-0.0010658904762961274
R_GMAND	1.7136392015016952e-19
R_HCYSMT2	5.6254823378988065e-09
R_GMHEPAT	0.0013699733106233133
R_FECRMexs	0.025628371672234466
R_GMHEPK	0.0013699733106233133
R_HDCAtexi	-9.826945337617752e-09
R_HDCEAtexi	-9.497207784177334e-09
R_HEMEOS	-4.229002086136524e-12
R_HEPK1	0.0003424933276558286
R_GMHEPPA	0.0013699733106233133
R_GMPR	0.016485383793405643
R_HEPK2	0.0003424933276558283
R_HEPT1	0.0003424933276558288
R_FECRMtonex	0.02562836627233843
R_GMPS2	0.01723891897872304
R_FEENTERR1	0.009454322913373624
R_GMPtex	9.969985947932969e-09
R_GND	0.18125342066639358
R_GNK	0.0038626247243983393
R_HEPT2	0.0003424933276558287
R_HEPT3	0.00034249332765582844
R_HEPT4	0.000342493327655827
R_HETZK	5.5820748210022225e-14
R_HEX1	0.025895709871999614
R_HEX4	0.009288052865584973
R_HEX7	0.02052532531954152
R_GOFUCR	5.578917580567702e-20
R_GP4GH	-1.1158038079264366e-19
R_GPDDA1	4.1361615165904265e-09
R_HEXt2rpp	-0.025419931787895294
R_FEENTERR2	0.0004787898531088815
R_GPDDA1pp	5.7832119080787365e-09
R_GPDDA2	0.018681458263310836
R_FEENTERR3	0.00047296959497913785
R_GPDDA2pp	0.004849290828135567
R_HG2abcpp	-8.868354888738743e-09
R_HG2t3pp	8.86835488873866e-09
R_FEENTERabcpp	0.020975987032807217
R_HG2tex	0.0
R_GPDDA3	1.9578020215187762e-08
R_GPDDA3pp	-9.690145429795368e-09
R_HISTD	0.00023856256241321645
R_FEENTERexs	0.020975992981382526
R_HISTP	0.00023856256241321645
R_HISTRS	9.626061187159229e-22
R_GPDDA4	0.009001833361659474
R_HISabcpp	0.0012558225477500781
R_FEENTERtex	0.020975987137440758
R_GPDDA4pp	0.0006479554311425039
R_FEENTERtonex	0.020975987032807217
R_GPDDA5	5.022836551631318e-09
R_GPDDA5pp	4.849792124350326e-09
R_HISt2rpp	-0.0014943869768609674
R_HIStex	-0.00023856442911096565
R_HKNDDH	1.9901563816064948e-08
R_HKNTDH	9.94891932793464e-09
R_HMBS	2.945438387795177e-06
R_HMPK1	-1.5226400552993618e-14
R_HOMt2pp	1.165808060718423e-05
R_GRTT	-2.732339477029578e-10
R_GRXR	0.06210080393412275
R_FEENTERtpp	0.020975987137440758
R_GSNK	0.009417772306314383
R_HOMtex	-1.165808060710205e-05
R_GSNt2pp	3.9874522358084e-08
R_FEOXAMR1	0.012058218068782413
R_GSNtex	9.961667490898662e-09
R_FEOXAMR2	0.0006106593815797485
R_FEOXAMR3	0.0006032361181293032
R_GSPMDA	0.004745087011331911
R_FEOXAMUtex	0.02654422713698293
R_GSPMDS	0.004745087011331911
R_FEOXAMUtpp	0.02654422713698293
R_GTHOXtex	9.973717407518734e-09
R_HOPNTAL	2.985048314399826e-08
R_GTHOr	0.06210479515962174
R_FEOXAMabcpp	0.02654422713698293
R_GTHPi	3.991225498992098e-06
R_HPPK2	-1.5599591851648944e-11
R_GTHRDHpp	0.0032445865513024857
R_FEOXAMexs	0.02654423245068412
R_GTHRDabc2pp	0.003344306132884048
R_HPPPNDO	1.9901563816067634e-08
R_HPPPNt2rpp	9.942999340539771e-09
R_FEOXAMtonex	0.02654422713698293
R_HPPPNtex	9.942999312784195e-09
R_HPYRI	-0.028115086442668222
R_HPYRRx	0.024448264699613986
R_HPYRRy	0.0036668217430542334
R_HSDy	-0.010276889018186908
R_GTHRDabcpp	9.974944576131906e-05
R_GTHRDtex	9.91674520278707e-09
R_GTHS	0.0032445566848942225
R_GTPCI	-1.5599596294801502e-11
R_GTPCII2	-8.914064818042638e-12
R_FEROpp	0.04508227189428205
R_HSK	0.010003058034504228
R_HSST	0.0002621729030753968
R_INStex	9.946542700589589e-09
R_FESD1s	0.006549990021440363
R_IPDDI	1.0796102345445036e-09
R_IPDPS	-1.3548378311598339e-09
R_HSTPT	0.00023856256241321645
R_HXAND	9.651600679460368e-05
R_HXAtex	-0.025385232676874647
R_IPMD	0.01339655132547598
R_FESD2s	-3.373088419663346e-10
R_IPPMIa	-0.013396551325476014
R_FESR	0.013099979368259648
R_IPPMIb	-0.013396551325476014
R_HXCT	0.00010770671608396909
R_LIPAabctex	3.0376141130517067e-07
R_HXPRT	0.010257511483445109
R_HYD1pp	-8.16371753278031e-09
R_IPPS	0.013396551325475995
R_ISETACabcpp	9.788323103111132e-09
R_ISETACtex	9.788323040993419e-09
R_K2L4Aabcpp	-7.68163830115015e-09
R_K2L4Aabctex	-7.681638301200134e-09
R_KARA1	-0.013405057714975688
R_HYD2pp	-9.063803272029157e-09
R_HYD3pp	-9.08466707696356e-09
R_LIPOCT	1.8337193086756923e-09
R_HYPOE	0.014027396177182936
R_KARA2	0.0003219483366381226
R_KAS14	0.007910778854774234
R_KAS15	0.005384136872181243
R_LIPOS	9.88786099703528e-09
R_KDOCT2	0.0010327856559477129
R_KDOPP	0.0010327856559477129
R_HYXNtex	9.926083954781006e-09
R_HYXNtpp	9.926083954781006e-09
R_Htex	-0.8870788489680177
R_KDOPS	0.0010327856559477129
R_LIPOt2pp	-9.888168252217513e-09
R_KG6PDC	9.923034830281215e-09
R_Kabcpp	0.001416886107584476
R_Kt2pp	0.06653874167063453
R_Kt3pp	0.06795563158451592
R_Ktex	-3.806296833275269e-09
R_L_LACD2	0.00047837185980516755
R_I2FE2SR	1.831559641063318e-08
R_I2FE2SS	-8.845391182023292e-10
R_I2FE2SS2	1.0923995828795966e-08
R_I2FE2ST	6.50706188874609e-09
R_I4FE4SR	1.0923994508891813e-08
R_I4FE4ST	1.0923993236163212e-08
R_ICDHyr	0.06073684000947732
R_ICHORS_copy1	-0.08780952529427485
R_ICHORS_copy2	0.0878095156830857
R_ICHORT	-9.585454090304605e-09
R_ICL	0.13726328590845702
R_ICYSDS	3.4161500392549e-08
R_IDOND	0.008198882952428859
R_IDOND2	0.0015654053456155535
R_IDONt2rpp	-0.00976428511978326
R_L_LACD3	7.296438999384162e-05
R_L_LACt2rpp	-0.009956366306932155
R_L_LACtex	-0.009956366306932196
R_LA4NTpp	0.00033718559968080175
R_LACZ	-9.699495876251189e-09
R_LACZpp	1.9527554142408838e-08
R_LADGMDH	0.008761172925281774
R_LALADGLUtex	9.904267628257912e-09
R_IDONtex	-0.009764285119783223
R_IG3PS	0.00023856256241321645
R_LALADGLUtpp	9.904267628231479e-09
R_LIPOtex	-9.888168506222428e-09
R_LALALGLUtex	9.904515430037009e-09
R_LALALGLUtpp	9.904515430010536e-09
R_IGPDH	0.00023856256241321645
R_IGPS	0.00017869362765020368
R_LPADSS	0.00034514616414594245
R_ILETA	-0.0003219483366381226
R_ILETRS	1.1644497471296632e-22
R_ILEabcpp	0.0032064290873767445
R_ILEt2rpp	-0.003528383148554977
R_ILEtex	-0.00032195406117829783
R_IMPC	-0.0029134491384701366
R_LALDO2x	0.007332477681314688
R_LALDO3	0.01719332321904803
R_LALGP	0.008761192734064832
R_LCADi	0.010507702556731164
R_LCARR	0.007332477681314689
R_LCARS	0.006685639168046705
R_IMPD	0.019063877777367733
R_IMPtex	9.961396818525259e-09
R_INDOLEt2pp	0.007679430450404548
R_INDOLEt2rpp	0.0075007622629506745
R_INDOLEtex	-0.00017866818745382318
R_INOSTt4pp	-5.022836551837206e-09
R_INSH	0.0006457866987661869
R_INSK	0.005037438085181366
R_INSTtex	-1.98181191457536e-08
R_LCTSt3ipp	0.0051590186450949475
R_LCTStex	9.828058367133963e-09
R_LCTStpp	0.00515900894559907
R_INSt2pp_copy1	0.006787070035177609
R_LDH_D	-0.08519305600034233
R_LPLIPAL1A120pp	0.00013060998640862891
R_LDH_D2	0.03267902046305837
R_LEUTAi	0.01339655132547598
R_LEUTRS	6.240835912232774e-23
R_INSt2pp_copy2	-0.006787050127238102
R_LEUabcpp	0.005571958344232439
R_LPLIPAL1A140pp	0.00012174535416802792
R_LEUt2rpp	-0.018968518546890405
R_LEUtex	-0.013396560202658003
R_LYStex	-1.4692856444620261e-05
R_LYXI	9.912020169272984e-09
R_LGTHL	0.010234714732737519
R_LPLIPAL1A141pp	0.0002019643484576603
R_LIPACabcpp	2.0876630240327684e-06
R_LIPAHT2ex	3.359670922964932e-09
R_LIPAHTex	2.139388026960157e-09
R_LIPAMPL	-9.887889394556816e-09
R_LIPATPT	-9.888032976292107e-09
R_LIPAabcpp	5.728551043815188e-07
R_LYXt2pp	9.912020169552879e-09
R_LYXtex	9.912020093594265e-09
R_M1PD	-6.064620305945567e-09
R_MACPD	0.007100027879913704
R_MALCOAMT	9.983922330920498e-09
R_MALDDH	9.633630913567964e-09
R_MALDt2_2pp	9.633630913568427e-09
R_LPLIPAL1A160pp	0.00013662223433493878
R_MALDtex	9.633631004035692e-09
R_MALS	0.025574893681025727
R_MALTATr	0.0
R_MELIBt2pp	0.006332044686948228
R_LPLIPAL1A161pp	0.00029749090956626386
R_MELIBt3ipp	0.006332035246141074
R_MELIBtex	9.44080724707419e-09
R_MALTHXabcpp	4.81510000210323e-09
R_MALTHXtexi	9.977187959543353e-09
R_MALTPTabcpp	9.974098905736167e-09
R_LPLIPAL1A180pp	0.00024210651188146572
R_MALTPTtexi	9.974098905744595e-09
R_MEOHtex	-9.983922577561088e-09
R_MEOHtrpp	-9.983922397149847e-09
R_MEPCT	-2.71153460743589e-09
R_MALTTRabcpp	9.960420846082895e-09
R_MALTTRtexi	9.960420846087817e-09
R_LPLIPAL1A181pp	0.0005334451223607932
R_MALTTTRabcpp	9.970169535419836e-09
R_MALTTTRtexi	9.970169535426548e-09
R_MALTabcpp	9.940192280580326e-09
R_METAT	0.021321237840572178
R_METDabcpp	-1.4990606499146397e-22
R_METDtex	0.0
R_METOX1s	0.0017793147597355465
R_METOX2s	0.0028294430232363036
R_MALTptspp	4.2829781031311415e-21
R_MALTtexi	9.940192280587391e-09
R_LPLIPAL1E120pp	0.00047231542818116485
R_MALt2_2pp	0.016267563732518007
R_MALt2_3pp	0.012162243897548717
R_METS	0.000262177169232277
R_METSOX1abcpp	-3.4499959924094384e-10
R_METSOX1tex	-3.4499958445621814e-10
R_MALt3pp	0.033939049689154274
R_METSOX2abcpp	1.4935048662768103e-09
R_MALtex	-0.005509242059087649
R_LPLIPAL1E140pp	0.00044814737326960867
R_MAN1PT2	0.0015479282269030032
R_MAN6PI	2.723918995917174e-08
R_LPLIPAL1E141pp	0.0006555273369945226
R_MAN6Pt6_2pp	9.475267958576593e-09
R_METSOX2tex	1.4935048753272895e-09
R_LPLIPAL1E160pp	0.000488502001356569
R_MAN6Ptex	9.47526790362474e-09
R_METSOXR1	0.0017793144147359473
R_MANAO	-3.945860818990732e-08
R_LPLIPAL1E161pp	0.0008778734598641933
R_MANGLYCptspp	9.834747482900053e-09
R_MANGLYCtex	9.83474746085733e-09
R_METSOXR2	0.00282944451674117
R_METTRS	-4.395771864871633e-20
R_LPLIPAL1E180pp	0.0007512086629939518
R_METabcpp	-4.430799936760086e-09
R_METtex	-4.4307999491621786e-09
R_MANPGH	9.834747482898225e-09
R_MANptspp	7.929174529715701e-09
R_MANtex	7.929174428156216e-09
R_MCITD	0.0014343293108952484
R_MG2t3_2pp	-0.01059325910679132
R_LPLIPAL1E181pp	0.0013588050758724557
R_MG2tex	-1.6916756884199913e-10
R_MG2tpp	0.010490256532959322
R_MCITL2	0.0014343293108952343
R_MCITS	0.0014343293108952484
R_MG2uabcpp	0.00010300240466458721
R_LPLIPAL1G120pp	9.251150991488722e-05
R_MGSA	0.009081877757476986
R_MI1PP	1.0065718614446635e-19
R_MICITDr	0.0014343293108952382
R_MCOATA	0.1637041968002032
R_MCPST	6.91562054923125e-21
R_MINCYCtex	0.07815114109678278
R_LPLIPAL1G140pp	8.632583836481012e-05
R_MINCYCtpp	0.07815114109678274
R_MCTP1App	0.0032312390513867494
R_MINOHPtexi	9.945490379322806e-09
R_MCTP1Bpp	0.0012222473562515407
R_LPLIPAL1G141pp	0.00014212084553261956
R_MCTP2App	0.0034689901866600346
R_MDDCP1pp	0.0008275652583735724
R_MDDCP2pp	0.003468990186660034
R_MDDCP3pp	6.0634472489287254e-05
R_MLDCP1App	0.0005480936796692722
R_MLDCP1Bpp	0.0028664509364240503
R_MLDCP2App	9.911858575148579e-06
R_MLDCP2Bpp	0.002055783360354164
R_MLDCP3App	0.00024240669363496354
R_MLDEP1pp	0.00024240669363496348
R_MDDCP4pp	0.0019162147246811374
R_MDDCP5pp	0.0009897525211917258
R_LPLIPAL1G160pp	9.670348913071384e-05
R_MDDEP1pp	0.0042965555062027365
R_MDDEP2pp	0.0005480936857152325
R_MLDEP2pp	0.0009798406626165771
R_MLTG1	4.9861717702482804e-08
R_MLTG2	1.2740361518155564e-07
R_MDDEP3pp	0.0018555802521918502
R_MDDEP4pp	0.0034689901933855406
R_LPLIPAL1G161pp	0.00020817927469707033
R_MDH	0.34430757343974183
R_MLTG3	0.00043971161205492293
R_MLTG4	0.0004397115880218246
R_MDH2	0.03915332754305707
R_LPLIPAL1G180pp	0.00016990636446533036
R_MDH3	0.005972433842307924
R_MLTG5	0.00043971153993434763
R_MLTGY1pp	0.0033463193482338952
R_MLTGY2pp	0.0023485137829768452
R_MLTGY3pp	0.0022981900674301464
R_MLTGY4pp	0.0034689901933855406
R_ME1	0.005687385465190389
R_ME2	0.026665320720330343
R_MECDPDH5	-2.7102953521104233e-09
R_MECDPS	-2.71081197530881e-09
R_MLTP1	-0.00043969091439706454
R_MLTP2	-0.0004397008644628636
R_MLTP3	-0.00043972077340377613
R_MMCD	0.00010116290349509445
R_MMETt2pp	5.625482337752757e-09
R_LPLIPAL1G181pp	0.0003702796148525292
R_MMETtex	5.625482302207274e-09
R_MMM	0.00010116290349509381
R_MOADSUx	-1.0596117067677356e-11
R_MOAT	0.0003451461641459424
R_MN2t3pp	0.03868072766547435
R_LPLIPAL2A120	0.0009841047220118073
R_MN2tpp	0.03202891856297232
R_MOAT2	0.00034514616414594234
R_LPLIPAL2A140	0.00096455271204837
R_MOAT3C	0.0003424933276558281
R_MN6PP	0.008654937345213285
R_LPLIPAL2A141	0.001104623710472173
R_MNLptspp	-6.06462030698798e-09
R_MOBDabcpp	-2.7802819364567365e-12
R_MOBDtex	-2.780220498266317e-12
R_LPLIPAL2A160	0.0009966105431184376
R_MOCDS	-8.363500419347484e-14
R_MOCOS	-2.6399710665815853e-12
R_MOGDS	-8.36349720738573e-14
R_MOHMT	9.919111207321032e-09
R_MOX	-0.1854668319011407
R_MPTAT	-5.2854834097010795e-12
R_MPTG	0.007993022925362761
R_MNLtex	-6.0646203614567185e-09
R_MNNH	3.945860819067595e-08
R_MNt2pp	0.006651809089021003
R_MNtex	-1.3480994098813426e-11
R_NDPK6	0.006867145630159666
R_MPTG2	0.0034689901866600346
R_MPTS	-5.2970234125666906e-12
R_MPTSS	-1.0596415723589145e-11
R_MSAR	0.00649464315928245
R_NDPK7	0.00254983727992375
R_NDPK8	0.003698653073557656
R_LPLIPAL2A161	0.0012104356198011184
R_NH4tex	0.023838893234534808
R_NH4tpp	0.023854422638500614
R_NHFRBO	-9.608929430389326e-09
R_MSO3abcpp	9.783747639209387e-09
R_MSO3tex	9.783747589864333e-09
R_MTAN	0.0002621682950023009
R_MTHFC	0.09344119813577012
R_MTHFD	0.09344119813577012
R_MTHFR2	0.0002621771670037646
R_NI2abcpp	0.00029115717008355125
R_NI2t3pp	0.0571373909797786
R_MTHTHFSs	0.021053123634756112
R_MTRPOX	-1.7640462841017676e-20
R_N2Otex	9.946238277436237e-09
R_NI2tex	-6.295630683439413e-12
R_LPLIPAL2A180	0.0011556014207856568
R_NI2tpp	0.05685774538933132
R_NI2uabcpp	0.0005708027542350219
R_N2Otpp	9.946238277436237e-09
R_NACODA	0.01297563337343677
R_NACtex	-9.366682762745882e-09
R_NACtpp	-9.366682683287413e-09
R_NADDP	0.008328692561497548
R_NADH10	0.003936831727770598
R_NADH16pp	0.7744015035546429
R_NMNAT	0.006538838551774904
R_NMNDA	0.0016061276285359968
R_NMNN	0.00018374539015345446
R_NMNPtpp	1.9008966798388974e-08
R_NADH17pp	0.11812703305489372
R_NADH18pp	0.10865864947245941
R_NMNt7pp	-9.136674313269998e-09
R_LPLIPAL2A181	0.0013687301220644793
R_NMNtex	9.872292539014893e-09
R_NNAM	0.0012601611975417534
R_NADH5	0.02580859846099831
R_NADH9	0.003621277357815897
R_NADK	0.0077187410351380326
R_NNATr	0.0028662789082457008
R_NNDMBRT	5.596608687017731e-14
R_NADN	0.0010764249440626031
R_LPLIPAL2ATE120	3.195704259481126e-09
R_NADPHQR2	0.0047217832683931526
R_NADPHQR3	0.000720253456977603
R_NNDPR	-5.511493877917978e-10
R_NO2t2rpp	-3.947847747320932e-08
R_NO2tex	9.667381339895087e-09
R_NADPHQR4	0.0006625214852578807
R_NO3R1bpp	-9.765781049163959e-09
R_NADPPPS	0.007718741044071972
R_LPLIPAL2ATE140	3.2308550981555293e-09
R_NADS1	0.0028662789082457055
R_NADTRHD	0.11794010956624135
R_NAMNPP	0.001260151830915045
R_NAt3_1p5pp	0.019482504105553855
R_NO3R1pp	2.1180492724621403e-09
R_NO3R2bpp	-9.702832450829984e-09
R_NO3R2pp	5.706098141326825e-08
R_NO3t7pp	2.939487000086247e-08
R_NO3tex	9.926256483439033e-09
R_NODOx	1.8871987635238663e-08
R_NAt3_2pp	0.01039884730247902
R_NAt3pp	0.12297962765536569
R_NODOy	-3.9799072928002656e-09
R_NAtex	0.0
R_LPLIPAL2ATE141	2.9916081783104012e-09
R_NDPK1	0.20788647696237805
R_NDPK2	0.07612778875312576
R_NOVBCNtex	0.06073106070626655
R_NOVBCNtpp	0.06073106070626655
R_NOtex	9.891684138452206e-09
R_NDPK3	0.047106190085932864
R_NOtpp	9.891684138452206e-09
R_NDPK4	0.0004968772983939829
R_LPLIPAL2ATE160	3.173551856226895e-09
R_NDPK5	0.0013866649220641847
R_NTD1	0.01626786962083074
R_NTD10	0.005876772550673489
R_NTD10pp	9.956122730429727e-09
R_LPLIPAL2ATE161	2.8271757293334214e-09
R_NTD11	0.007604532957539254
R_NTD11pp	9.961396818424503e-09
R_NTD12	0.004111403486230979
R_NTD12pp	9.967936965411463e-09
R_NTD1pp	9.947342061549475e-09
R_NTD2	0.015255461720721982
R_URIC	0.0026751143384655725
R_NTD2pp	5.976496775928244e-08
R_LPLIPAL2ATE180	2.9100565724597374e-09
R_NTD3	0.0075826976040511635
R_NTD3pp	9.956808874781154e-09
R_LPLIPAL2ATE181	2.6018089567329667e-09
R_NTD4	0.010038104721496237
R_NTD4pp	9.946260771587432e-09
R_NTD9pp	9.96998594782017e-09
R_NTP1	0.0026652389608577717
R_NTP10	0.0031523266841797025
R_NTD5	0.010166102702477352
R_LPLIPAL2ATG120	-3.195704259483793e-09
R_NTD5pp	9.91695969394072e-09
R_NTP11	4.853367972507992e-20
R_NTP12	5.023244619794712e-20
R_NTD6	0.02966133137805433
R_LPLIPAL2ATG140	-3.230855098160303e-09
R_NTD6pp	9.973004150095845e-09
R_NTD7	0.008619936116720765
R_NTP3	0.0024332273686534316
R_NTP3pp	9.783153398502199e-09
R_NTD7pp	9.968090057268724e-09
R_NTP5	0.0025697382386577956
R_LPLIPAL2ATG141	-2.9916081783138415e-09
R_NTPP1	0.00018378992379812462
R_NTPP10	0.004111403486230979
R_NTD8	0.022135501532102128
R_NTD8pp	9.970519266005055e-09
R_NTD9	0.004067560392642515
R_NTPP11	0.0006792850965321299
R_NTPP2	0.00014668804080679782
R_NTPP3	0.00022517409280859774
R_NTPP4	0.0001805082050374113
R_NTPP5	0.0010429515117742157
R_OPMEACPS	9.983922356251895e-09
R_LPLIPAL2ATG160	-3.1735518562341975e-09
R_ORNDC	0.016112068758334656
R_ORNabcpp	0.00043368553944254305
R_NTPP6	8.577983598793569e-05
R_NTPP7	0.00013660365546977924
R_NTPP8	9.789923276388172e-05
R_ORNtex	9.255161748100704e-09
R_LPLIPAL2ATG161	-2.827175729338613e-09
R_OROTt2_2pp	9.820486895218846e-09
R_OROTtex	9.820486868150624e-09
R_ORPT	-0.006505331857599035
R_NTPP9	0.0013928811901593112
R_NTPTP1	0.0021817127228753196
R_NTPTP2	0.0004447449990110628
R_OXAMTC	0.0026352606852452186
R_LPLIPAL2ATG180	-2.910056572468916e-09
R_OXCDC	-2.3419235725243866e-21
R_OXCOAHDH	1.9919811254885553e-08
R_NTRIR2x	-9.694316788411897e-09
R_NTRIR3pp	-8.531214679750193e-09
R_NTRIR4pp	6.760332989661603e-08
R_OXDHCOAT	1.991981125513447e-08
R_P5CD	0.025218801048332927
R_O16A4COLIPAabctex	2.739005473145681e-11
R_LPLIPAL2ATG181	-2.601808956739859e-09
R_O16A4Lpp	2.7388592732311284e-11
R_P5CR	0.0004488550133389454
R_PA120abcpp	0.000840384851249022
R_PA140abcpp	0.0008276571882831815
R_PA141abcpp	0.0009285409791570339
R_O16AP1pp	5.4790927409631195e-12
R_O16AP2pp	1.2781861548962267e-11
R_O16AP3pp	2.0085093142167813e-11
R_O16AT	7.305620644591457e-12
R_O16AUNDtpp	3.652302927168888e-11
R_PA160abcpp	0.0008487255117694606
R_LPLIPAL2E120	0.0025564683410483056
R_PA161abcpp	0.0010250622012138938
R_PA180abcpp	0.0009718689974370856
R_O16GALFT	2.1916080549483146e-11
R_O16GLCT1	1.4611045856143396e-11
R_O16GLCT2	2.921994472455814e-11
R_PA181abcpp	0.0012267474243072456
R_LPLIPAL2E140	0.0025366391894739667
R_PACALDt2rpp	1.9919811244939467e-08
R_PACALDtex	9.95136861803303e-09
R_PACCOAE	1.9919811254479672e-08
R_O2Stex	0.0
R_O2tex	0.7646778433893382
R_O2tpp	0.7195955516741492
R_OAADC	0.006385064562610012
R_PACCOAL	1.9919811254699682e-08
R_OBTFL	0.0013331818253136509
R_LPLIPAL2E141	0.0026596953248075256
R_OCBT	0.0011523478639592355
R_OCDCAtexi	-9.847908323562629e-09
R_PANTS	9.919111207529931e-09
R_PAPA120	0.0035664582227446
R_PAPA120pp	0.003685734583046699
R_PAPA140	0.0035585257620151006
R_OCDCEAtexi	-9.662625763137024e-09
R_OCTAtex	-9.5335879191083e-09
R_OCTDPS	-8.33496936519942e-11
R_OCTNLL	8.054141660217578e-09
R_PAPA140pp	0.003709833197059209
R_LPLIPAL2E160	0.0025687268876893993
R_PAPA141	0.0036177754132772355
R_PAPA141pp	0.003531547056150924
R_OGMEACPD	9.983922341920786e-09
R_OGMEACPR	9.98392233679581e-09
R_LPLIPAL2E161	0.002719362204519358
R_OGMEACPS	9.983922333021029e-09
R_OHPBAT	6.582066003346654e-10
R_PAPA160	0.003571580204887791
R_PAPA160pp	0.0036702122849752365
R_PAPA161	0.0036676831984273532
R_LPLIPAL2E180	0.002694015170133191
R_PAPA161pp	0.0033841946962224682
R_PAPA180	0.003640921035232371
R_PAPA180pp	0.0034629526737395538
R_OHPHM	-3.413812409263598e-11
R_OMBZLM	-2.350292238401717e-11
R_OMCDC	0.01339655132547598
R_PAPA181	0.0037558606475007
R_PAPA181pp	0.0031305068828954875
R_OMMBLHX	8.548287853674397e-09
R_LPLIPAL2E181	0.0027434358382892477
R_OMMBLHX3	-8.566472433002111e-09
R_PAPPT3	0.019455036022782944
R_PAPSR	0.0010045135476862887
R_OMPDC	0.006505331857599033
R_PAPSR2	0.008457157928234026
R_PDE1	0.001737862639385221
R_PDE4	0.0016709332969532928
R_OMPHHX	8.641620588563793e-09
R_OMPHHX3	-8.670441280720798e-09
R_LPLIPAL2G120	0.0011028592106372545
R_OP4ENH	2.985048314399855e-08
R_OPHBDC	-4.6999318123163574e-11
R_PDH	0.3124183635130151
R_PDX5PO2	2.6784044508628916e-09
R_PDX5POi	7.56042545234914e-09
R_PDX5PS	6.582066447393831e-10
R_OPHHX	8.593183748060122e-09
R_OPHHX3	-8.634866967033325e-09
R_OPMEACPD	9.98392237606321e-09
R_OPMEACPR	9.983922365469829e-09
R_PDXPP	0.015852516352311018
R_LPLIPAL2G140	0.0010831383569332256
R_PE120abcpp	0.003072303275096408
R_PE140abcpp	0.0030262518144231307
R_LPLIPAL2G141	0.0012169425764128696
R_PE141abcpp	0.0033763605100165946
R_PG120abcpp	0.004348542401567444
R_PG140abcpp	0.004329830425141723
R_LPLIPAL2G160	0.0011153126601006781
R_PG141abcpp	0.0044781231082838225
R_PG160abcpp	0.004360806852819881
R_PG161abcpp	0.004619110551319323
R_PE160abcpp	0.003102161096129304
R_PE161abcpp	0.0036842493048389524
R_PG180abcpp	0.004540766332263119
R_LPLIPAL2G161	0.001303595202270047
R_PG181abcpp	0.0049040684052032045
R_PE180abcpp	0.003516547120596285
R_PE181abcpp	0.004258817566936792
R_PEAMNOpp	9.968442623827514e-09
R_PEAMNtex	9.968442515884135e-09
R_PGAMT	-0.03963592600853427
R_PGCD	0.11609059273265522
R_PGI	0.2737798342712468
R_LPLIPAL2G180	0.0012615741992883346
R_PGK	-0.7647325955441246
R_PGL	0.1984669104023602
R_PGLYCP	-6.470156434661029e-23
R_PGM	-0.6488056781182284
R_PGMT	-0.015287205493082684
R_PGP120abcpp	0.0009424236316113217
R_PGP140abcpp	0.0009388397180937678
R_PERD	6.582066558458166e-10
R_PETNT161pp	1.6068316936489196e-07
R_PETNT181pp	1.0841052371139843e-07
R_PFK	0.21933388742151183
R_PFK_2	9.793165889344779e-09
R_PFK_3	0.13535724856199127
R_PFL	0.3260997740647149
R_PGP141abcpp	0.0009664347420140689
R_PGP160abcpp	0.0009447556603255997
R_PGP161abcpp	0.0009912229624229117
R_LPLIPAL2G181	0.0014003719565049073
R_PGP180abcpp	0.0009777214286059866
R_PGP181abcpp	0.0010386854244844523
R_PLIPA1E181pp	0.0028999042079255136
R_PGPP120	0.0042130083334546925
R_LSERDHr	0.0009910314877047688
R_PGPP120pp	0.0009424236316113217
R_PGPP140	0.00419909532134161
R_PLIPA1G120pp	0.001238390083045747
R_PLIPA1G140pp	0.0012138702298782398
R_PLIPA1G141pp	0.0013928428688415326
R_PLIPA1G160pp	0.0012541424047997256
R_PLIPA1G161pp	0.001535095298463203
R_PGPP140pp	0.0009388397180937678
R_PGPP141	0.004302219824246981
R_PGPP141pp	0.0009664347420140689
R_PLIPA1G180pp	0.0014597897874342033
R_PLIPA1G181pp	0.0017665395550027442
R_PLIPA2A120pp	0.00013060998640862891
R_PLIPA2A140pp	0.00012174535416802792
R_PGPP160	0.004221976701253181
R_PGPP160pp	0.0009447556603255997
R_PGPP161	0.004387607583590076
R_PLIPA2A141pp	0.0002019643484576603
R_LYSDC	0.0006794337748185638
R_PLIPA2A160pp	0.00013662223433493878
R_PLIPA2A161pp	0.00029749090956626386
R_PLIPA2A180pp	0.00024210651188146572
R_PLIPA2A181pp	0.0005334451223607932
R_PGPP161pp	0.0009912229624229117
R_PGPP180	0.004342547834060678
R_PGPP180pp	0.0009777214286059866
R_PGPP181	0.004537898182031688
R_PGPP181pp	0.0010386854244844523
R_PLIPA2E120pp	0.00047231542818116485
R_LYSTRS	-1.455236178989997e-21
R_PLIPA2E140pp	0.00044814737326960867
R_PLIPA2E141pp	0.0006555273369945226
R_PGSA120	0.005155431965066014
R_PGSA140	0.005137935039435378
R_LYSabcpp	0.00012881457438439754
R_PGSA141	0.00526865456626105
R_PGSA160	0.005166732361578781
R_PGSA161	0.005378830546012988
R_PGSA180	0.005320269262666664
R_PGSA181	0.00557658360651614
R_PHEMEabcpp	2.945451531014619e-06
R_PLIPA2E160pp	0.000488502001356569
R_PLIPA2E161pp	0.0008778734598641933
R_PLIPA2E180pp	0.0007512086629939518
R_PLIPA2E181pp	0.0013588050758724557
R_PLIPA2G120pp	9.25115099148872e-05
R_PLIPA2G140pp	8.632583836481012e-05
R_PLIPA2G141pp	0.00014212084553261956
R_PLIPA2G160pp	9.670348913071384e-05
R_PLIPA2G161pp	0.00020817927469707033
R_PLIPA2G180pp	0.00016990636446533036
R_PHEMEtiex	2.94545153101244e-06
R_PHETA1	-5.252666218202862e-06
R_PHETRS	1.3738075168822548e-19
R_PLIPA2G181pp	0.0003702796148525292
R_LYSt2pp	0.03325188605913258
R_PMANM	-0.0006331155203716894
R_PMDPHT	-8.91406495577265e-12
R_PMEACPE	9.983922401373676e-09
R_PHEt2rpp	-5.256316648993842e-06
R_PHEtex	-5.256316649049353e-06
R_PHYTSpp	9.945490379441657e-09
R_PIt2rpp	0.03828880455292316
R_PMPK	0.006486968589883102
R_PNTK	-1.1517508942768008e-11
R_PItex	0.001378775107299779
R_LYSt3pp	0.034074827264780165
R_PIuabcpp	0.0012514266908249532
R_PLIPA1A120pp	0.0009841047220118073
R_PLIPA1A140pp	0.00096455271204837
R_PLIPA1A141pp	0.001104623710472173
R_PLIPA1A160pp	0.0009966105431184376
R_PNTOt4pp	-9.93062871671255e-09
R_PNTOtex	-9.930628763754612e-09
R_POAACR	0.00649464315928245
R_POR5	-0.058552339254616836
R_POX	0.0001342893834599698
R_PPA	0.02182725723660206
R_PPA2	0.0018333182838313942
R_PPAKr	0.04035884240216966
R_PLIPA1A161pp	0.0012104356198011184
R_PLIPA1A180pp	0.0011556014207856568
R_PLIPA1A181pp	0.0013687301220644793
R_PPALtex	-7.368657684025948e-09
R_PPALtpp	7.3686577672926745e-09
R_PLIPA1E120pp	0.0025999878469152434
R_PPAt4pp	-8.049255717650407e-09
R_PPAtex	-8.049255706410463e-09
R_PPBNGS	1.1781753551174535e-05
R_PPC	0.07043124402930735
R_PLIPA1E140pp	0.002578104441153522
R_PLIPA1E141pp	0.002720833173022072
R_PLIPA1E160pp	0.0026136570479799075
R_PLIPA1E161pp	0.0028062156194207273
R_PLIPA1E180pp	0.0027653384576023336
R_PPCDC	-1.1517508083688575e-11
R_PPCK	0.030431426118289865
R_PYDXtex	-8.336402235187279e-09
R_PPCSCT	0.003059281730285811
R_PPGPPDP	0.00891425225427591
R_PPK2	-0.0007931295711268438
R_PPK	-0.6954300555525534
R_PPM	-0.08501789270614218
R_PPM2	0.07560532942048448
R_PPNCL2	-1.151750856794609e-11
R_PPND	3.464148956755239e-05
R_PPNDH	5.252666218363953e-06
R_PPPGO	-8.835440917631491e-09
R_PPPGO3	2.954278285904381e-06
R_PPPNDO	9.958564475351045e-09
R_PPPNt2rpp	9.95856447479071e-09
R_PPPNtex	9.958564417544835e-09
R_PPS	0.01996290313947805
R_PPTHpp	9.776537265557505e-09
R_PPTtex	9.776537357453208e-09
R_PRAGSr	0.0026748823538003674
R_PRAIS	0.0026748823538003987
R_PRAIi	0.00017869362765020373
R_PRAMPC	0.00023856256241322775
R_PRASCSi	0.002674886576056849
R_PRATPP	0.00023856256241322778
R_PRFGS	0.0026748823538003987
R_PRMICI	0.00023856256241322482
R_PROD2	0.0004487935631814068
R_PROGLYabcpp	9.922379767411509e-09
R_PROGLYtex	9.922379806681647e-09
R_PROTRS	2.50643381375742e-21
R_PROabcpp	0.001491579200780722
R_PROt2rpp	-0.07653345486468302
R_PROt4pp	0.07504179993573379
R_PROtex	-7.572816840273333e-08
R_PRPPS	0.04857895968201209
R_PSCLYSt2pp	9.865686846071665e-09
R_PSCLYStex	9.865686934062978e-09
R_PSCVT	0.0002185781021032951
R_PSD120	0.00302878696493373
R_RNTR4c2	0.00030174610978465346
R_RPE	0.05422935608264404
R_RPI	-0.12599127894562995
R_RZ5PP	1.1192229691021055e-13
R_S2FE2SR	-8.331674784140574e-09
R_S2FE2SS	8.789665332293475e-10
R_S2FE2SS2	-1.0411995381884665e-09
R_PSD140	0.0029847897935986736
R_PSD141	0.0033152256534102263
R_S2FE2ST	-6.41150829546709e-09
R_S4FE4SR	-1.041200802950105e-09
R_PYDXtpp	-8.33639999609419e-09
R_S4FE4ST	-1.0412020725435332e-09
R_S7PI	0.0013699733106233133
R_SADH	0.0005627018945682285
R_PSD160	0.0030572309835355045
R_PYK	0.13384299520943282
R_PSD161	0.0035973980798163284
R_SADT2	0.009461671475920315
R_PYNP2r	0.0008982720536734878
R_SARCOX	-8.616369554361988e-21
R_SBTPD	-8.506497001584123e-09
R_SBTptspp	-8.506497001437107e-09
R_SBTtex	-8.506497062299445e-09
R_PSD180	0.003445226743183715
R_PSD181	0.004102351749572579
R_SCYSDS	-8.656140374150267e-09
R_PYROX	0.00649464315928245
R_SDPDS	0.0006940704061673808
R_SDPTA	-0.0006940704061673686
R_SELCYSS	-8.527265404230238e-22
R_SELGTHR	7.420643203545375e-20
R_SELGTHR2	1.5924397000395162e-20
R_SELGTHR3	-1.0752235167662457e-20
R_PSERT	0.11609059273265522
R_PSERtex	9.372436382548699e-09
R_PSP_L	0.11609059273265522
R_PSP_Lpp	9.372436382523644e-09
R_PSSA120	0.00302878696493373
R_SELNPS	-6.159169117176139e-21
R_PYRt2rpp	-0.014387494258236044
R_SELR	9.682676761646483e-09
R_SELtex	9.682676660460743e-09
R_SELtpp	9.682676761646286e-09
R_PSSA140	0.0029847897935986736
R_PSSA141	0.0033152256534102263
R_SEPHCHCS	-2.5735049520586375e-11
R_PSSA160	0.0030572309835355045
R_SERASr	0.0009521310153021573
R_PYRtex	-0.014387494258236044
R_SERAT	0.012913936064327253
R_PSSA161	0.0035973980798163284
R_PSSA180	0.003445226743183715
R_PSSA181	0.004102351749572579
R_PTA2	0.04035884240216966
R_PTAr	0.1543896608585138
R_SERD_D	0.000991040647731883
R_SERD_L	0.0047185484787405805
R_PTHRpp	9.738440143742878e-09
R_PTPATi	-1.1517507492669663e-11
R_SERTRS	3.039245431176386e-21
R_PTRCORNt7pp	-0.006975217989203317
R_QMO2	-6.050126909923313e-09
R_PTRCTA	0.012649888939329026
R_SERTRS2	2.611652753434414e-21
R_SERt2rpp	-0.08866713893013776
R_SERt4pp	0.08844819555767
R_SERtex	-0.00021894305475878006
R_SFGTHi	-6.781584800895822e-09
R_SGDS	0.0005627018945682285
R_SGSAD	0.0005627018945682285
R_PTRCabcpp	0.0006619124907336326
R_PTRCt2pp	0.006313314736358969
R_PTRCtex	9.237889342372796e-09
R_SHCHCS3	-2.5734478277384764e-11
R_QMO3	6.050126909923284e-09
R_SHCHD2	-4.457088346864183e-12
R_SHCHF	-4.45706095095941e-12
R_PUNP1	-0.05638848313319228
R_PUNP2	0.02803928832209923
R_SHK3Dr	0.00021856885052802533
R_QUIN2tex	-0.0014777965153180972
R_SHKK	0.00021857810210332157
R_SHSL1	0.00026217290307539677
R_SKMt2pp	9.251575296358833e-09
R_SKMtex	9.251575283641955e-09
R_SLNTtex	-9.682676660460743e-09
R_PUNP3	-0.004905427040138466
R_PUNP4	0.024317234188027337
R_PUNP5	0.0033672356348952714
R_PUNP6	0.005733486407846211
R_QUIN2tpp	-0.0014777965153181666
R_PUNP7	0.005220794141558627
R_PYAM5PO	0.14753744669355057
R_SLNTtpp	-9.682676761573319e-09
R_SO2tex	0.0
R_SO2tpp	0.0
R_SO3tex	-9.160318059642236e-09
R_SO4t2pp	0.006235703259077989
R_SO4tex	0.009461680118626026
R_PYDAMK	0.014027394270114475
R_PYDAMtex	-1.907152435975945e-09
R_PYDAMtpp	-1.907128965472367e-09
R_PYDXK	0.027534656763792353
R_PYDXNK	0.015852525932863445
R_QUINDH	-0.0014777965153181679
R_PYDXNtex	9.58041090903805e-09
R_PYDXNtpp	9.580481593206606e-09
R_SOTA	0.0005627018945682285
R_SPMDAT1	-8.293731816246862e-21
R_SPMDAT2	-8.293981973394017e-21
R_QULNS	-5.511493927145632e-10
R_SPMDabcpp	0.0015177260058475716
R_PYDXPP	0.027534665100131847
R_R15BPK	0.033210284362938824
R_SPMDt3pp	0.0017798943682448434
R_SPMDtex	-0.0002621683623973414
R_R1PK	0.033210284362938824
R_SPMS	0.000262168295002301
R_SPODM	0.0
R_THMtex	4.217733273748081e-09
R_THRA2	0.05218704113043154
R_THRA	0.007846771861876257
R_SPODMpp	0.0
R_SSALx	0.001029433091238038
R_THRD	0.0005008436834902409
R_R5PP	0.0022140022074304167
R_THRD_L	0.0016551301619516724
R_THRPtex	9.738440054363195e-09
R_THRS	0.010003058034504228
R_THRTRS	2.65497114402523e-21
R_THRabcpp	0.0007878625434685814
R_THRt2pp	0.023302267736074668
R_SSALy	0.03293075503933484
R_SUCASPtpp	0.0
R_SUCBZL	-2.5731621954742203e-11
R_SUCBZS	-2.5733335748233823e-11
R_SUCCt2_2pp	0.019517591260740944
R_SUCCt2_3pp	0.014592087374327012
R_SUCCt3pp	0.028287592688063985
R_SUCCtex	-0.0033284740452050876
R_SUCDi	0.4249676906534167
R_SUCFUMtpp	0.0
R_SUCMALtpp	0.0
R_THRt2rpp	-0.029287905780295116
R_THRt4pp	0.051801993647111855
R_THRtex	-3.2706422947725855e-07
R_THYMt3pp	1.0903128016881469e-05
R_SUCOAS	-0.02792078389063468
R_R5PPpp	9.796728753636202e-09
R_SUCRtex	9.863920791275405e-09
R_SUCTARTtpp	0.0
R_THYMtex	-1.090312801710347e-05
R_THZPSN3	-4.2224137704782714e-09
R_R5Ptex	9.79672876155746e-09
R_TKT1	0.02864786370897543
R_SUCptspp	9.863920791272716e-09
R_RBFK	-4.457031832908761e-12
R_SULFACabcpp	8.517076695864553e-09
R_TKT2	0.02558152437429917
R_RBFSa	-1.7828130027342456e-11
R_TMAOR1	2.470432868996684e-09
R_TMAOR1pp	4.376860642046813e-09
R_TMAOR2	-2.4704328689972403e-09
R_TMAOR2pp	5.442737275066638e-09
R_TMAOtex	9.81959802359711e-09
R_SULFACtex	8.517076599545703e-09
R_SULR	0.009461726412689343
R_SULabcpp	0.0032259768595479213
R_T2DECAI	0.020889054946483188
R_TAGURr	-1.9657172822644398e-08
R_TALA	-0.10807935816363923
R_TARTD	-8.333569207778631e-09
R_TARTRDtex	9.521458066430455e-09
R_TMAtex	-9.81959802359711e-09
R_TMDK1	0.010155219293769661
R_TMDPP	1.0903128016881425e-05
R_TMDS	1.0882899336598326e-05
R_TARTRt7pp	-8.33356920775484e-09
R_TARTRtex	-8.33356916807304e-09
R_TMK	4.217768985815209e-09
R_RBFSb	-8.914065032409971e-12
R_TMPK	0.008471484823768275
R_TMPPP	-4.222302130891023e-09
R_TARTt2_3pp	9.521458066421583e-09
R_TAUDO	8.951586741435347e-09
R_RBK	0.009347841801726422
R_TAURabcpp	8.951586743143455e-09
R_TAURtex	8.9515868051393e-09
R_TPI	0.29582765536740385
R_RBK_L1	-7.346716574907537e-09
R_TCYNTtex	-9.160318059642236e-09
R_TDP	0.00847148482827605
R_TDPADGAT	1.778082463951878e-05
R_TDPAGTA	1.778082463951856e-05
R_TDPDRE	0.00034249332765582795
R_TDPDRR	0.00034249332765582795
R_TPRDCOAS	-6.441011188558874e-19
R_TRDR	0.024508846399398827
R_TRE6PH	0.004164039658323219
R_TRE6PP	0.007736649545772342
R_TDPGDH	0.0003602741522953465
R_TDSK	0.0003451461641459424
R_TRE6PS	0.011900674938168354
R_RBP4E	2.2335741943491083e-08
R_TREH	0.007736649545772342
R_TREHpp	-4.791351270480658e-09
R_TREptspp	1.4265927208242317e-08
R_TDSR1	3.5124771483891764e-09
R_TDSR2	6.461240177852055e-09
R_TGBPA	9.793165944849136e-09
R_THD2pp	0.4538462068391748
R_THDPS	0.00069407040616737
R_THFAT	0.09533570229024055
R_THIORDXi	0.00010929406087478027
R_THMDt2pp_copy1	0.021451806215561618
R_TREtex	9.474576012635794e-09
R_TRPAS2	0.00779515072847254
R_TRPS1	4.935746024544049e-06
R_TRPS2	0.007790240422644325
R_TRPS3	0.00017375788162565963
R_TRPTRS	7.874937031984108e-21
R_THMDt2pp_copy2	-0.02145178649625242
R_THMDtex	9.802349598686533e-09
R_TRPt2rpp	-2.6560220911520105e-08
R_REPHACCOAI	1.9919811254480446e-08
R_TRPtex	-2.6560220911520105e-08
R_TRSARr	-0.02200910555148025
R_TSULabcpp	-1.124428352591499e-20
R_TSULtex	9.160318059642236e-09
R_TTDCAtexi	-9.783222558931034e-09
R_TTDCEAtexi	-9.039116145261809e-09
R_TTRCYCtex	0.07815114109678278
R_THMabcpp	4.2177486936118515e-09
R_TYMtex	9.892104468889329e-09
R_TYRL	-4.222383315358811e-09
R_TYROXDApp	9.892104468872686e-09
R_TYRPpp	9.544804583600434e-09
R_TYRPtex	9.544804502326087e-09
R_TYRTA	-3.4641489567555084e-05
R_TYRTRS	5.793089015618311e-19
R_TYRt2rpp	-3.4648429032613226e-05
R_TYRtex	-3.465797383706004e-05
R_ThDPAT	-2.537079388661955e-14
R_U23GAAT	0.000690292328291885
R_UAAGDS	0.008761152502167562
R_UACGALPpp	9.96807456334082e-09
R_TTRCYCtpp	0.07815114109678274
R_TUNGSabcpp	-9.38457967226034e-14
R_TUNGStex	-9.370282327836321e-14
R_URIH	0.0029543312626830005
R_URIK2	0.011797589000391035
R_UACGAMPpp	9.972858970505152e-09
R_UACGAMtex	9.972858983076094e-09
R_URIt2pp_copy1	0.02145184069612354
R_UACMAMO	1.7780817338212708e-05
R_UAG2E	1.77808173382199e-05
R_UAGAAT	0.0006902923282918749
R_URIt2pp_copy2	-0.02145175122607708
R_URItex	9.841048004277653e-09
R_USHD	0.0003451461641459425
R_UAGCVT	0.019455036022782944
R_VALTA	-0.061541556848601076
R_UAGDP	0.03963592600853422
R_RFAMPtex	0.06073106070626655
R_UAGPT3	0.01945503603008425
R_UAMAGS	0.008761152502167562
R_UAMAS	0.008761152502167562
R_VALTRS	5.904514581043273e-22
R_VALabcpp	0.0032567732200627455
R_VALt2rpp	-0.0032652780283621424
R_VALtex	-8.504808299170108e-06
R_RFAMPtpp	0.06073106070626655
R_VPAMTr	-0.0615330603782126
R_WCOS	-9.353465316067236e-14
R_UAPGR	0.019455036022782944
R_UDCPDP	0.01945503586213132
R_UDCPDPS	-1.8365481115232539e-10
R_X5PL3E	2.9682458512836635e-08
R_RHAT1	0.00034249332765582795
R_XAND	0.0026751143384655725
R_XANt2pp	0.05192793893215479
R_UDCPDPpp	1.7303022438464105e-05
R_UDCPPtppi	0.00035496654116411224
R_RHCCE	0.021053123634756112
R_UDPACGALtex	9.968074587973774e-09
R_UDPG4E	-1.3541035376318789e-08
R_UDPGALM	2.1916665831874802e-11
R_UDPGALPpp	9.9675198876056e-09
R_UDPGALtex	9.967519920550671e-09
R_XANtex	9.909236542426925e-09
R_XANtpp	-0.051927929022918345
R_XMPtex	9.95612281506908e-09
R_XPPT	0.0033725286554966666
R_XTSNH	0.000655998301191472
R_XTSNt2rpp	1.9892076626951832e-08
R_XTSNtex	9.935953837469924e-09
R_XYLI1	9.664888566546237e-09
R_XYLI2	0.019179645759778846
R_RIBabcpp	8.374150365057052e-10
R_XYLK	9.66488856700401e-09
R_XYLK2	1.9759423682844052e-08
R_UDPGD	0.0003371855777768848
R_RIBtex	-8.959313735346086e-09
R_UDPGDC	0.0003371855777768848
R_UDPGLCURtex	9.97356575105357e-09
R_XYLUt2pp	9.84740351385476e-09
R_UDPGPpp	9.961069829004431e-09
R_XYLUtex	9.847403559248846e-09
R_RMI	9.7264611920167e-09
R_XYLabcpp	-7.930764603317078e-09
R_XYLt2pp	1.7595653170322304e-08
R_UDPGtex	9.961069746822204e-09
R_UDPKAAT	0.0003371855777768856
R_XYLtex	9.664888667160199e-09
R_ZN2abcpp	0.000180046227497698
R_UGLCURPpp	9.9735657508613e-09
R_RMK	9.726461192013476e-09
R_UGLT	1.3562952039247733e-08
R_ZN2t3pp	0.03533326780913213
R_ZN2tpp	0.035063325741408885
R_ZNabcpp	0.0004499882885753609
R_Zn2tex	-6.645572980801262e-12
R_UGLYCH	3.986350072843085e-05
R_UGMDDS	0.019455036022782944
R_UHGADA	0.000690292328291885
R_ULA4NFT	0.00033718557777688546
R_RMNtex	9.7264611920167e-09
R_ULA4Ntppi	0.0003371855923794963
R_UM3PL	0.006421212940320431
R_UM4PCP	0.004272670580294951
R_UM4PL	0.004272670580294951
R_UMPK	0.04956913747940117
R_UMPtex	9.921878652008331e-09
R_UPLA4FNF	0.0003371855850781909
R_RMNtpp	9.726461192014865e-09
R_UPLA4FNT	0.0003371855777768855
R_UPP3MT	-4.4571157438793545e-12
R_UPP3S	2.9454383878211267e-06
R_RMPA	9.7264611920167e-09
R_UPPDC1	2.945442844964054e-06
R_UPPRT	0.02660581611240337
R_RNDR1	0.008382126366291447
R_URACPAH	0.00649464315928245
R_URAt2pp_copy1	0.04991344476339154
R_RNDR1b	0.02393490657354635
R_URAt2pp_copy2	-0.04991343546365079
R_URAtex	9.299740755253083e-09
R_RNDR2	0.006053315267016179
R_URDGLYCD	0.0026352606852452186
R_UREAtex	-0.0005896715372852857
R_RNDR2b	0.01728506126335207
R_UREAtpp	-0.0005896715372853238
R_RNDR3	0.0025696873051522548
R_RNDR3b	0.007337673486014165
R_RNDR4	0.0017811409471834316
R_RNDR4b	0.005086004682976138
R_RNTR1c2	0.0014557014150765948
R_RNTR2c2	0.0009788371986692418
R_RNTR3c2	0.0004390074596208156
